Area,Year,area_harvested,livestock_stocks,co2_emissions,emissions_per_capita,production_index,emissions_per_ag_land,nitrogen_per_area,phosphorus_per_area,potassium_per_area,crop_yield,temperature_change,precip_mm_annual,gdd_annual
Algeria,1990,98509.57352941176,2598224.7647058824,3245.314534583333,1.19,6905.030481927715,0.21,0.6395317504972204,0.3552954169429003,0.2943876311812602,687.7,1.235,33.550000000000004,5756.495
Algeria,1991,128918.08695652174,2495691.529411765,3953.006372083333,1.1775,275.36047619047633,0.2,0.3180314024813844,0.2365843359922493,0.1551372695031143,1114.6,-0.003,10.28,5241.274999999999
Algeria,1992,131366.04347826086,2621093.0588235296,3955.593104833333,1.13125,258.94333333333344,0.21,0.3554952159895704,0.2428329205581862,0.138544174111567,943.3,-0.34,14.900000000000002,5358.545
Algeria,1993,87872.9104477612,2720554.0,4228.13025375,1.19,200.78154761904776,0.21,0.8398492735013241,0.3960264866916813,0.2537755934834624,741.7,0.528,17.29,5527.35
Algeria,1994,67310.92537313433,2612621.411764706,4228.5365286666665,1.186875,240.7461445783133,0.2,0.8646441818675156,0.545230953170753,0.3624968734977213,749.4,0.698,23.43,5584.295
Algeria,1995,105778.776119403,2569361.0588235296,4258.47472275,1.24,227.18809523809503,0.2,0.1739479380932704,0.1436961227727016,0.121007261282275,829.5,0.555,39.42000000000001,5635.210000000001
Algeria,1996,135708.61764705885,2611945.0588235296,4293.59071925,1.25375,222.60705882352923,0.2,0.1031622032759193,0.0810560168596509,0.0957934744704965,1337.8,0.795,35.57,5664.56
Algeria,1997,62038.05882352941,2614868.0,4350.78265525,1.1225,194.3458823529412,0.2,0.5802889497623283,0.5641698122689301,0.4190975748283481,779.8,0.983,36.92,5548.905000000001
Algeria,1998,132190.29411764705,2706790.3529411764,4538.720986666666,1.224375,172.81423529411774,0.22,0.3328534843930405,0.2329974390751283,0.2511530836783851,846.3,1.056,3.93,5781.9
Algeria,1999,82970.42647058824,2720325.294117647,4766.485102833333,1.126875,60.05129411764708,0.22,0.5664668966919222,0.301312179091448,0.2531022304368163,1069.9,1.425,63.72000000000001,5747.649999999999
Algeria,2000,56553.840579710144,2670366.9411764704,4911.747261666666,1.100625,121.8097674418605,0.22,0.7833243427130351,0.4420566268132252,0.4066920966681672,883.3,0.765,12.4,5690.635
Algeria,2001,96022.04347826086,2653417.0588235296,4999.993939083333,1.035625,164.83488372093026,0.22,0.4717666731416242,0.3644996370851401,0.2603568836322429,1106.9,1.793,19.25,5977.800000000001
Algeria,2002,81409.33333333333,2634228.588235294,5228.83589325,1.03375,151.8814117647059,0.21,0.3443831174148704,0.2882101970290021,0.261223119380248,1058.6,1.187,18.87,5811.465000000001
Algeria,2003,114535.52173913045,2699761.529411765,5325.898154333333,1.0750000000000002,94.90635294117648,0.22,0.1490891187355191,0.0556770502562898,0.1883957018080951,1470.3,1.518,36.0,5955.679999999999
Algeria,2004,119235.91304347826,2819308.2352941176,5703.169580500001,1.046875,114.1377647058824,0.24,0.8782337244468875,0.4849210151887376,0.2138701281274299,1344.1,0.92,87.47999999999999,5484.994999999999
Algeria,2005,102417.98550724638,2902807.294117647,5849.323971333332,1.12875,91.464705882353,0.23,0.0398953365442914,0.3173173133511816,0.1876721154473387,1500.8,1.192,28.4,5653.9
Algeria,2006,113606.92753623187,3039882.2352941176,6099.347049249999,1.109375,311.5407058823529,0.24,0.3859535765194934,0.2797716714050124,0.2063342483452333,1503.7,1.333,19.430000000000003,5894.1100000000015
Algeria,2007,119589.40579710146,3087544.3529411764,6621.271618166666,1.12375,113.59258823529412,0.24,0.3062645872004777,0.4381157314962548,0.1900502795252677,1253.5,1.158,2.17,5942.92
Algeria,2008,79796.42028985507,3051138.3529411764,6740.971250583334,1.119375,78.1551764705882,0.23,0.2895117339359744,0.2601620464250207,0.2552620772462065,1034.0,1.129,60.31,5510.49
Algeria,2009,129948.84057971014,3253067.470588235,6218.004603461538,1.135625,139.37141176470593,0.26,0.2854969681491133,0.3755324001530116,0.1623715910497652,1653.9,0.887,57.88999999999999,5547.35
Algeria,2010,124821.89855072464,3471295.3529411764,6195.456430461539,1.14625,110.79435294117644,0.28,0.4814860268735322,0.2627744040175018,0.2050922177697574,1474.3,2.182,20.71,6110.150000000001
Algeria,2011,118390.6231884058,3623401.176470589,6697.045607615384,1.1475,109.3017647058824,0.29,0.4755444179933422,0.3083014432816517,0.2153886795529347,1643.3,1.323,26.610000000000003,5674.865000000001
Algeria,2012,133019.65217391303,3794106.0,7856.938211846153,1.199375,88.35694117647058,0.31,0.545784016222509,0.4322669549971663,0.2255305852159128,1677.6,1.081,26.48,5549.619999999999
Algeria,2013,124246.07246376813,4001176.529411765,8166.194418,1.25,95.6763529411765,0.31,0.5151068257603295,0.5738611980736171,0.2656019570326699,1813.1,1.108,8.030000000000001,5639.695000000001
Algeria,2014,117592.02898550723,4191692.529411765,8724.95449446154,1.3143749999999998,96.2388235294118,0.34,0.6505542991304936,0.6633102657801111,0.3061431995908205,1369.2,1.603,11.27,5821.755
Algeria,2015,123668.8115942029,4226587.470588235,9379.492287153847,1.34125,99.59694117647057,0.34,0.6016068161480334,0.5110423492010175,0.3072722985702321,1400.2,1.05,3.25,5816.514999999999
Algeria,2016,145593.53623188406,4214294.117647059,9452.591314692309,1.3156249999999998,104.11593023255811,0.34,0.482164262348799,0.4038640829930111,0.1833872621753979,1020.4,1.685,23.0,5743.219999999999
Algeria,2017,150144.79710144928,4232061.647058823,9600.874670615383,1.311875,107.35697674418608,0.34,0.4675486687198829,0.391621961833748,0.1778283398122631,990.3,1.431,23.65,5834.954999999999
Algeria,2018,137077.0,4252226.470588235,10506.702603384616,1.345,119.86255813953484,0.34,0.5121209247357288,0.428955988240183,0.1947810354764096,1952.0,1.15,45.88,5576.395
Algeria,2019,140189.72463768115,4327342.117647059,10747.883506230768,1.361875,119.47209302325582,0.34,0.500749967099448,0.4194315963738966,0.1904561840677387,1767.4,1.117,16.180000000000003,5661.634999999998
Algeria,2020,131362.5507246377,4500765.470588235,10517.393649923077,1.2837500000000002,138.08604651162796,0.36,0.5343988801431907,0.4476161560173734,0.2032542749262563,1520.4,1.881,21.0,6033.125
Algeria,2021,102638.6231884058,4543400.588235294,10754.457166384616,1.34,186.5925581395349,0.37,0.6839530560648557,0.5728837563620158,0.2601359914092827,1433.7,2.333,15.11,6339.395
Algeria,2022,126006.82608695651,4603203.529411765,11305.810936692307,1.3693749999999998,120.31104651162792,0.38,0.5571126754002586,0.4666413862326952,0.2118932825240299,1505.6,1.696,0.93,6160.31
Algeria,2023,122747.115942029,4642342.882352941,11318.993050923076,1.39125,123.69441860465116,0.38,0.5719075308714665,0.4790336583367838,0.2175203856733355,1351.5,2.196,11.16,6150.735000000001
Algeria,2024,125757.47826086955,4698324.529411765,,,250.51662790697665,,,,,1536.6,2.725,9.3,6319.780000000001
Angola,1990,81852.58974358975,1040686.3636363636,449.7284534,2.426875,52.68163265306124,1.26,0.0305427110838085,0.061085422167617,0.0244341688670468,320.9,0.565,1427.02,4099.83
Angola,1991,90981.97435897436,1054795.4545454546,463.9229669,2.341875,54.92224489795918,1.26,0.0252797327844876,0.0252797327844876,0.0252797327844876,417.5,0.145,1282.32,4024.664999999999
Angola,1992,98883.35897435895,1075281.818181818,479.266265,2.2537500000000006,53.24795918367348,1.26,0.0313500677177017,0.0303387752106791,0.0303387752106791,397.1,0.228,1338.82,3976.12
Angola,1993,107352.89743589744,1050754.5454545454,500.3417182,2.24,52.136734693877536,1.26,0.0186301445770871,0.0279452168656307,0.0279452168656307,268.0,0.119,1518.5399999999995,3654.0
Angola,1994,101702.56410256412,1021677.2727272728,539.5385916,2.316875,54.50387755102041,1.26,0.0196651875756351,0.0491629689390878,0.0294977813634527,298.4,0.333,1210.91,4063.46
Angola,1995,92153.2564102564,1028972.7272727272,533.8041549,2.32625,55.880816326530606,1.26,0.0217029769528294,0.0325544654292441,0.0325544654292441,401.5,0.622,1161.0500000000002,4092.27
Angola,1996,91609.30769230767,1117909.0909090908,548.7118002,2.33375,59.97204081632653,1.22,0.0218318427502745,0.0218318427502745,0.0218318427502745,653.1,0.253,1290.62,4078.865
Angola,1997,92811.0,1191022.7272727273,571.3073032,2.230625,59.36428571428572,1.18,0.0215491698182325,,,567.4,0.073,1228.49,3879.49
Angola,1998,101742.48717948716,1277918.181818182,576.3827859999999,2.43,63.14081632653063,1.36,0.0226060917494819,,0.0108116090975783,701.6,1.015,1080.1899999999998,4509.670000000001
Angola,1999,97469.1282051282,1312790.9090909092,606.4622902,2.26,58.55346938775509,1.28,0.0235972152655302,,0.0112856246922101,620.4,0.297,955.95,4283.125
Angola,2000,98973.60975609756,1368463.6363636365,623.9806485000001,2.0325,60.93647058823528,1.18,0.0141451847967355,,,564.4,0.064,958.08,4425.99
Angola,2001,112114.41463414632,1450830.9090909092,653.6784056,2.48125,60.36019607843137,1.72,,,,585.4,0.118,1209.61,4029.93
Angola,2002,122378.29268292684,1506300.0,687.7334168,2.42375,62.957254901960766,1.75,0.0225285051748773,0.008220412116767,0.0112765096631595,627.2,0.569,818.8399999999999,4573.805
Angola,2003,135014.60975609755,1551761.818181818,738.8129691,2.48,62.23,1.87,0.0132356046743991,0.0108210511635686,0.0196645385621319,646.1,0.768,566.48,4732.425
Angola,2004,161152.07317073172,1575500.0,739.6707021,2.46625,64.96823529411768,1.92,0.0445976266925572,0.0226059766301636,0.0249764084371146,491.7,0.312,717.9799999999999,4596.4800000000005
Angola,2005,169814.19512195123,1708029.5454545454,761.868209,2.37125,68.87058823529412,1.93,0.0216825218725429,0.0088390726047493,0.0134087730319881,583.4,0.909,586.49,4836.09
Angola,2006,168888.78048780488,1748644.6363636365,828.045795,2.114375,71.38039215686277,1.81,0.0393217357649136,0.0081592157632963,0.0240335680574889,445.9,0.347,680.0699999999999,4724.3550000000005
Angola,2007,182926.11904761905,1800728.3636363635,853.9622118999999,2.066875,74.74980769230768,1.86,0.0305259851850153,0.0131473843785748,0.0177558022709401,464.3,0.676,1595.5699999999997,4338.335
Angola,2008,148900.5,1855383.0,1002.441435,2.00375,72.3934615384615,1.85,0.0548822871649184,0.0262927256792285,0.1074072954758371,652.7,0.178,920.86,3905.255
Angola,2009,212050.0,1912823.4545454544,1103.9274551,1.979375,81.08365384615384,1.88,0.0493657156331051,0.0240367837774108,0.0298231549162931,571.4,0.448,1200.3399999999997,4025.175
Angola,2010,216889.47619047613,1977833.6363636365,1145.8998402000002,2.024375,84.85076923076923,1.96,0.0800822626578071,0.0397852406283734,0.0394901594601945,629.3,0.951,1197.05,3998.14
Angola,2011,245437.2857142857,2038297.7272727275,1197.6196433,1.941875,92.2648076923077,1.93,0.0667421005424135,0.0687263141413486,0.094015870216482,662.4,0.604,1244.12,4106.670000000001
Angola,2012,171254.95238095237,2101786.636363636,1300.9838596,1.8675,83.03076923076925,1.9,0.1134156982321533,0.0463928189494135,0.0837931972214076,552.6,0.275,1231.0,3897.965
Angola,2013,252158.9047619048,2168537.363636364,1431.8640953999998,1.793125,97.49942307692308,1.88,0.081059996748082,0.0374565395932306,0.061504867395597,814.5,0.782,1141.07,4154.79
Angola,2014,233325.59523809524,2238663.636363636,1312.407594727273,1.6887500000000004,97.2423076923077,1.83,0.1183453532897769,0.0337125465895551,0.042395691693857,888.6,0.564,888.5699999999999,4167.51
Angola,2015,223918.8181818181,2305901.4545454546,1342.8107175454547,1.673125,100.0325925925926,1.85,0.1138537627476187,0.0234325995582001,0.0388310373848962,982.3,1.11,702.1299999999999,4824.71
Angola,2016,272794.8222222222,2282766.727272727,1225.6684305454544,1.5706250000000002,102.576,1.82,0.0761634690524833,0.0240253826909551,0.0298795993765602,852.3,1.343,671.4599999999999,4776.545
Angola,2017,276088.8888888889,2255511.636363636,1304.5792178181816,1.5568750000000002,104.65763636363636,1.92,0.0967623148744362,0.0432795396007725,0.0494116226658079,809.2,0.626,793.21,4768.294999999999
Angola,2018,264145.39130434784,2236276.272727273,1347.6567848181817,1.3424999999999998,106.67745454545452,1.68,0.0819435080548522,0.0233507765157,0.0387703148990409,948.3,1.189,1104.5700000000002,4084.880000000001
Angola,2019,261754.1739130435,2223215.0,1335.5861747272727,1.386875,107.7558181818182,1.86,0.0642893282213345,0.0381961435439091,0.0338141694846108,961.1,1.444,738.6600000000001,4668.719999999999
Angola,2020,268930.3695652174,2215709.363636364,1361.7416703636363,1.263125,111.496,1.75,0.0887999374656294,0.0304167952962124,0.0374595104907144,982.9,0.915,2324.74,3879.234999999999
Angola,2021,270026.10869565216,2296774.909090909,1435.4875786363634,1.231875,116.2178181818182,1.74,0.0637123576053553,0.0212275769468668,0.0266270548234425,993.0,1.451,1000.14,4155.355
Angola,2022,271393.7826086957,2302700.909090909,1535.7823928181815,1.1675,121.46090909090908,1.67,0.1128728878957685,0.0662616506065225,0.0833512093849828,1031.3,0.863,981.27,4299.05
Angola,2023,277959.67391304346,2319653.636363636,1548.7353124545452,1.1512499999999997,133.75581818181817,1.7,0.0652180934910402,0.0205389505593749,0.0304756437534533,1070.7,1.383,798.79,4553.054999999999
Angola,2024,281325.39130434784,2338087.363636364,,,143.19199999999998,,,,,1106.6,1.457,518.4,5169.539999999999
Benin,1990,61576.58,580270.8,203.4293672,1.0768749999999996,180.1418181818182,12.04,0.0830835359807238,0.0555568367064222,0.0400476934574794,847.9,0.621,955.74,6350.889999999999
Benin,1991,67743.61224489796,597545.5,210.3691037,1.061875,183.47089285714284,12.06,0.0739553123014524,0.0633860501042788,0.0370957484657784,878.6,0.342,1147.5,6078.16
Benin,1992,65835.38775510204,578367.5,218.3148932,1.038125,272.3398214285714,11.97,0.0941287081508782,0.0886605243628653,0.0499883134620849,913.4,0.013,835.0,6304.655
Benin,1993,70979.6875,577660.8,220.2455188,0.999375,175.75982142857146,11.79,0.1108345257225863,0.0849679705901764,0.0470557157637521,919.2,0.558,910.01,6393.974999999999
Benin,1994,75492.66666666667,650010.6,223.242692,0.98875,221.4846428571428,11.6,0.1025397610363906,0.0791335140720059,0.0442427079009875,956.9,0.469,1154.39,6123.640000000001
Benin,1995,81342.42,597573.6,236.371678,0.9525,198.1522033898305,10.91,0.1721119189716734,0.18440562746965,0.0860559594858367,1086.5,0.457,1282.07,6032.549999999999
Benin,1996,92943.78,658898.8,209.44541516666663,1.010625,259.9835593220339,10.58,0.1555026059839598,0.1111209378400565,0.0634792344361283,1009.6,0.784,1053.06,6051.985000000001
Benin,1997,99007.96078431372,662220.2,215.0108609166667,0.985625,247.6398333333333,9.92,0.1895201138510134,0.1273028946375065,0.0767615042244565,1117.0,0.599,1062.5,6176.05
Benin,1998,101684.07843137256,649352.7,208.41543883333333,1.0074999999999998,321.96950000000004,9.65,0.1508397404648909,0.1432771012409046,0.0767081741834756,1055.9,1.092,1158.71,6364.02
Benin,1999,103327.88235294116,675052.2,218.6094475,0.9725,376.51900000000006,9.35,0.3348563738276864,0.1006504707458941,0.1132317795891309,1162.6,0.683,1027.84,6277.32
Benin,2000,104524.82352941176,717665.2,238.12024941666664,0.963125,370.16716666666673,9.25,0.1368096067244356,0.1090650011649347,0.0908875009707789,1102.1,0.515,841.6499999999999,6530.85
Benin,2001,103374.6862745098,740128.6,260.2235365,2.22875,343.6088333333334,11.41,0.1460705763101621,0.0725516107500805,0.0822251588500912,1069.3,0.594,797.4000000000001,6551.744999999999
Benin,2002,110358.5294117647,761922.9,279.35036725000003,2.21,399.2933333333332,11.21,0.2134678680983619,0.0939664569224897,0.0707421532491685,1131.1,0.793,1025.56,6359.914999999999
Benin,2003,106975.3137254902,767748.0,296.4551778333334,2.1375,445.3901666666665,10.79,0.0123205995299262,0.0037765722383081,0.0037765722383081,1148.7,1.012,1313.82,6221.38
Benin,2004,109026.9411764706,789587.2,308.43610716666666,2.0750000000000006,407.1855,10.79,0.0013299465107922,0.0,0.0,1146.0,0.791,1065.2099999999998,6095.545
Benin,2005,101883.49019607843,801826.4,331.0573778333333,2.055,520.084,11.0,0.0040536499015214,0.0039653137051202,0.0040143893697875,1136.4,1.175,846.7800000000001,6654.125
Benin,2006,97768.2156862745,832500.0,349.74835491666664,1.993125,284.17833333333334,11.31,0.0001125110029142,0.0001125110029142,0.0001125110029142,1190.5,1.105,1013.42,6463.03
Benin,2007,100606.96078431372,852768.8,380.2775960000001,1.9575,366.27533333333326,11.22,0.0057252499778305,0.0001888537319076,0.0001888537319076,1286.0,0.865,1324.2799999999995,5938.929999999999
Benin,2008,118827.45098039215,871071.5,391.4840510833333,1.8825,170.99220338983054,10.47,0.0030043562918715,0.0034924589947526,0.0002440513514405,1158.7,0.701,1064.18,6044.465000000001
Benin,2009,118968.27450980392,901771.6,414.8400625,1.845,122.10150000000004,10.08,0.0487020596362644,0.0444067968688962,0.0444067968688962,1423.5,1.001,1214.5700000000002,6209.935
Benin,2010,116285.23529411764,923881.8,424.2716761666666,1.808125,285.3225000000001,10.81,0.1038738922396188,0.0923333041623302,0.0001633913364146,1200.6,1.287,1294.0600000000002,6138.320000000001
Benin,2011,115591.50980392157,946494.4,440.792843,1.7343749999999998,255.3668333333334,10.45,0.03572926772049,0.0264725324999272,0.033826013749907,1517.8,1.004,1124.91,5864.0650000000005
Benin,2012,136809.82352941178,969703.8,446.83764850000006,1.688125,101.24083333333331,10.07,0.0653242564710905,0.0651195928052977,0.0651195928052977,1373.2,0.655,1308.18,5949.5650000000005
Benin,2013,148203.86274509804,993621.6,458.401515,1.660625,105.87899999999996,9.59,0.0339329887011754,0.0287711799208216,0.0284203118730067,1479.6,0.927,940.6,6270.920000000001
Benin,2014,153897.27450980392,1018037.8,474.8590056666667,1.614375,98.95499999999998,9.52,0.0959341225959097,0.0237106213324623,0.0222226157733684,1460.3,1.036,1126.09,6298.83
Benin,2015,153316.86274509804,1043089.7,508.1094137500001,1.5806249999999995,97.70666666666668,9.36,0.0012066513538538,4.565707825392979e-05,0.0010957698780943,1336.7,1.212,838.7900000000001,6514.88
Benin,2016,152105.60784313726,1068775.8,524.2805536666667,0.75625,103.33916666666669,3.4,0.0932509997568762,0.0450410744031556,0.0448635661548874,1455.9,1.071,1068.7399999999998,6625.589999999999
Benin,2017,167348.3725490196,1095202.8,547.3251599166667,0.74,107.18649999999997,3.21,0.0002748756937359,0.0,0.0,1405.4,1.193,1169.19,6248.285
Benin,2018,191008.86274509804,1122235.1,597.3178970833333,0.75,118.98333333333332,3.04,0.2516480089415815,0.1444330886196424,0.1410615173179514,1428.5,1.05,1066.33,6125.0
Benin,2019,198289.0,1149972.6,598.48721025,0.7437500000000001,122.31833333333334,3.01,0.3799605626131536,0.221242731568568,0.1819868979116331,1238.3,1.133,1145.71,6308.835000000001
Benin,2020,187216.3137254902,1514156.9,611.1562470833334,0.72125,125.303,3.04,0.3007697293012826,0.1503180969649025,0.1503180969649025,1432.8,1.048,1189.73,6232.370000000002
Benin,2021,196820.3921568628,1698350.4,637.4328401666667,0.7056250000000001,137.35016666666664,2.93,0.2923020291218015,0.1433946944761016,0.1433946944761016,1408.6,1.567,1124.0599999999995,6304.46
Benin,2022,202797.19607843136,1620407.181818182,660.2460290833334,0.7012499999999999,135.7348333333333,2.85,0.3312669075267587,0.1566934879499525,0.1568118327814595,1361.5,0.94,1320.65,5977.07
Benin,2023,244493.17647058825,1700974.818181818,673.93738525,0.7,142.49016666666665,3.04,0.224525693487415,0.1752237040658411,0.0813437834425304,1126.7,1.423,1131.36,6300.325
Benin,2024,240311.92156862744,1787136.3636363635,,,154.1346666666667,,,,,1356.0,1.46,1041.4799999999998,6528.010000000002
Botswana,1990,20333.739130434784,868821.0,83.26513800000001,4.3825,102.6578787878788,0.42,0.0147538039155305,0.0196717385540407,0.0098358692770203,265.5,0.747,296.66,4925.674999999999
Botswana,1991,14500.130434782608,829441.6666666666,83.67705190000001,3.964375,91.67121212121212,0.39,0.0206894690602469,0.0275859587469958,0.0137929793734979,381.3,0.057,422.53,4708.54
Botswana,1992,9256.304347826086,755091.6666666666,85.8006536,3.7725,75.23393939393938,0.38,0.03241034312689,0.0432137908358533,0.0216068954179266,288.7,0.894,177.07999999999998,5076.13
Botswana,1993,12078.478260869566,674029.5,88.1427973,3.645000000000001,80.76636363636364,0.37,0.0331167545580505,0.0331167545580505,0.0165583772790252,424.3,0.645,306.54,4954.959999999999
Botswana,1994,24181.217391304348,720658.3333333334,90.7170507,3.631250000000001,92.34121212121217,0.38,0.0206772054487124,0.0165417643589699,0.0041354410897424,223.8,-0.032,251.68000000000004,4608.9400000000005
Botswana,1995,14537.565217391304,944159.5,96.2992064,3.8068750000000007,106.44818181818184,0.41,0.1466545441494796,0.0072914548216908,0.0031642162433752,458.4,1.195,377.63,4898.8550000000005
Botswana,1996,27025.82608695652,831692.5,93.6631182,3.98125,102.19181818181818,0.45,0.1180352448704416,0.0038481709926413,0.0017390772755206,323.4,-0.242,491.39,4542.33
Botswana,1997,17285.782608695652,903529.1666666666,102.4071405,3.743125,98.33272727272728,0.43,0.2024785385325345,0.0115702022018591,0.0057851011009295,276.8,0.021,490.02,4526.97
Botswana,1998,8483.391304347826,852980.1666666666,98.576292,3.4825000000000004,81.65363636363635,0.4,0.4418044465399903,0.0353632161051219,0.0235754774034146,246.7,0.987,431.8299999999999,4864.465
Botswana,1999,11338.130434782608,841600.3333333334,111.5788347,3.3662500000000004,87.13424242424243,0.39,0.3616116451987394,0.0264593886730785,0.017639592448719,228.5,0.684,293.19,4813.23
Botswana,2000,13773.565217391304,836137.3333333334,123.8011725,3.278125,94.33212121212124,0.37,0.2976716583751899,0.0217808530518431,0.0145205687012287,203.7,-0.608,585.7400000000001,4497.845
Botswana,2001,9435.260869565218,807966.0,119.78326881818184,3.955625,90.53303030303027,0.49,0.4345401845988912,0.0317956232633335,0.0211970821755556,338.2,-0.075,474.87000000000006,4758.92
Botswana,2002,11865.565217391304,690433.9166666666,125.67559709090912,3.946875,90.94212121212122,0.5,,,,357.3,0.518,305.71000000000004,4872.514999999999
Botswana,2003,11212.304347826086,631545.1666666666,138.50024336363637,1.88,101.00303030303031,0.19,,,,394.4,1.038,286.94,4938.959999999999
Botswana,2004,11742.391304347826,663796.5,152.72504374999997,1.95875,100.2660606060606,0.21,,,,274.3,0.174,514.74,4588.879999999998
Botswana,2005,13407.869565217392,738208.1666666666,166.41792191666667,2.264375,115.9939393939394,0.26,,,,312.8,1.395,356.79999999999995,5288.955000000001
Botswana,2006,12796.173913043478,743369.3333333334,173.24323349999997,2.740625,115.57696969696968,0.34,,,,372.4,-0.397,598.4399999999999,4344.885
Botswana,2007,8919.304347826086,707257.1666666666,232.53855566666664,2.290625,105.82060606060608,0.27,,,,395.5,0.38,480.85,4461.63
Botswana,2008,12696.521739130434,765913.6666666666,264.60574741666665,4.3637500000000005,125.630303030303,0.63,,,,360.8,0.284,357.59,4871.525
Botswana,2009,16940.565217391304,797228.1666666666,264.55891858333325,2.073125,115.2281818181818,0.25,0.8046366709184836,0.0530088570526592,0.0489948233337496,363.6,-0.09,570.19,4672.635000000001
Botswana,2010,15718.347826086956,843452.0,225.8814485,4.84125,134.36454545454544,0.74,1.268517545266874,0.0532498713771188,0.0479694181820163,371.6,1.24,570.09,4644.9
Botswana,2011,19313.434782608696,803589.8333333334,332.39403225,5.850000000000001,164.0251515151515,0.95,0.4380370501272822,0.0383670749579569,0.0214876330736196,452.3,-0.026,455.77,4546.03
Botswana,2012,12087.826086956522,726409.0,267.35679125,2.8506249999999995,112.6578787878788,0.39,1.2534925544923787,0.0208474210488436,0.0185310409323054,367.2,0.509,323.16,4827.28
Botswana,2013,11166.565217391304,678114.8333333334,378.2796428333333,2.583125,93.2630303030303,0.33,1.9686447508281888,0.0348361373821664,0.0154926780645624,217.6,0.838,346.17,4775.504999999999
Botswana,2014,18178.695652173912,593540.1666666666,286.47495200000003,2.0825,104.3048484848485,0.23,1.1637798665422334,0.061775609289418,0.053579201645497,305.2,-0.102,592.05,4271.58
Botswana,2015,10348.296296296296,550305.5833333334,275.2210085,1.86,97.0016216216216,0.21,1.268228085496148,0.1989699503228108,0.1893065238865402,415.3,1.474,308.6,5035.29
Botswana,2016,13005.592592592591,533352.0833333334,297.4131120833333,1.7043750000000002,99.1591891891892,0.18,0.822646098117271,0.0583595091570248,0.0555914691970078,361.5,1.442,325.65,5230.884999999999
Botswana,2017,7427.758620689655,435930.4166666667,318.50309791666666,2.37625,100.16108108108108,0.3,0.7524477147697508,0.2229474710428891,0.1843086279334029,316.6,-0.026,489.1700000000001,4590.52
Botswana,2018,17547.2,441419.9166666667,313.376917,1.95625,125.91324324324322,0.21,0.7205708033190069,0.0806396462113567,0.0602375307741371,396.2,0.713,288.58,4865.129999999999
Botswana,2019,10769.6,411395.4166666667,363.43105125000005,1.5074999999999998,119.34459459459462,0.14,0.9282610310502776,0.1552518199375877,0.1546946961818308,384.3,1.537,303.63,5265.41
Botswana,2020,17902.133333333335,420527.3333333333,368.08343775,1.963125,164.297027027027,0.27,0.7620320855614546,0.1212704631105349,0.0780912516943933,802.3,0.434,446.35,4758.400000000001
Botswana,2021,12048.733333333334,414705.5,375.6771806666666,3.535,142.92000000000004,0.58,1.0860062745183932,0.1045753080545032,0.0883080379126916,1002.6,-0.322,712.6399999999998,4349.49
Botswana,2022,13316.666666666666,420457.8333333333,374.14996541666665,2.8987500000000006,165.54567567567565,0.45,1.193992490613177,0.1234543178973624,0.1019774718397921,1032.0,0.085,453.25,4900.620000000001
Botswana,2023,9762.8,394229.5833333333,367.67291616666654,3.4775,152.33756756756756,0.59,1.7973327324126482,0.3492850411766758,0.3321792928257946,870.2,0.888,533.96,5149.145
Botswana,2024,8537.933333333332,380435.5833333333,,,136.60351351351352,,,,,900.4,1.597,430.43,5174.78
Burkina Faso,1990,161891.04347826086,2845659.1818181816,463.3118120000001,1.845,52.53389830508474,3.9,0.0569148224758784,0.0466054195333734,0.0272220124431513,600.2,0.615,676.9999999999999,6919.004999999999
Burkina Faso,1991,188541.30434782608,2994235.8181818184,484.05685410000007,1.82375,57.25333333333335,3.89,0.0521848516643795,0.0360663676509585,0.021464792629916,876.6,0.527,939.04,6535.77
Burkina Faso,1992,188835.63043478265,3076201.8181818184,503.0647977,1.79375,56.10499999999999,3.87,0.0492809539098815,0.0423648862324363,0.0213413114395898,871.5,-0.011,699.8700000000001,6709.759999999999
Burkina Faso,1993,173661.65217391303,3159870.090909091,503.568607,1.7618749999999996,60.07616666666667,3.84,0.0518249129116134,0.0460665892547675,0.0230332946273837,936.2,0.707,803.4799999999998,6682.465
Burkina Faso,1994,183749.6739130435,3248177.5454545454,519.4213127,1.735625,57.20516666666668,3.82,0.0626776622496221,0.0320490364667903,0.0285442683423867,787.9,0.296,940.26,6427.115
Burkina Faso,1995,176829.13043478262,3349448.5454545454,533.7840123,1.710625,58.30233333333333,3.81,0.0644181191865393,0.0376747879923382,0.0353731310255292,851.1,0.39,812.72,6566.955
Burkina Faso,1996,183848.3478260869,3439341.909090909,552.8201928999999,1.709375,58.74850000000002,3.84,0.0623503019501892,0.0342021022998159,0.0345067011752595,916.5,0.902,815.76,6601.85
Burkina Faso,1997,190784.0,3552413.727272727,568.1863359,1.6893750000000003,57.04250000000001,3.84,0.1276417309627635,0.0520326652130155,0.0434942133512241,704.5,0.617,689.8,6719.625000000002
Burkina Faso,1998,210547.3478260869,3659322.8181818174,565.9493804,1.6706250000000005,62.30166666666667,3.84,0.0778922183980507,0.084693538931344,0.0759924081932202,889.0,1.004,863.85,6934.205
Burkina Faso,1999,201188.19565217392,3769959.909090909,586.2147031,1.6143750000000003,63.8515,3.81,0.0840009521692696,0.0919537050373661,0.0397637643404826,912.9,0.554,916.7,6634.6
Burkina Faso,2000,171120.95652173914,3884708.8181818174,611.9130645,1.611875,63.85933333333334,3.85,0.0576200612737185,0.0882592074459403,0.0523606236321012,856.4,0.544,694.5899999999999,6885.634999999999
Burkina Faso,2001,239157.7608695652,4003300.090909091,637.6291502,1.25875,70.9385,2.94,0.0038719211813704,0.0019359605906852,0.0011791379839594,967.8,0.5,620.0999999999999,6868.435
Burkina Faso,2002,243644.8478260869,4126688.363636364,660.3635369,1.245,68.48099999999998,2.96,0.0082497127188781,0.0,0.0,942.7,1.014,511.1700000000001,7136.229999999999
Burkina Faso,2003,273412.847826087,4636434.727272728,687.4076409,1.3381250000000002,72.7331666666667,3.22,0.0973619206692598,0.0490723099030601,0.0473971874512749,996.3,0.986,882.54,6694.62
Burkina Faso,2004,240217.91304347827,4759579.0,711.1653162,1.3206250000000002,75.0593333333333,3.23,0.1210609135328569,0.0603368825262277,0.0587466597357614,940.7,0.87,618.95,6941.785
Burkina Faso,2005,268623.9782608696,4886328.727272728,741.8548016000001,1.303125,77.69383333333334,3.24,0.1319130191929023,0.0824461023300467,0.0637024293616183,1127.2,1.441,686.0699999999999,7073.369999999999
Burkina Faso,2006,258446.0652173913,5016738.636363637,765.8234481,1.26,78.86000000000003,3.17,0.1160783778029874,0.0696470266817924,0.0580391889014937,1203.9,1.146,739.4000000000001,6883.709999999999
Burkina Faso,2007,244292.6739130435,5150530.545454546,787.3575119999999,1.2425000000000002,78.10399999999998,3.17,0.0965235658617959,0.0546639397166422,0.0514178333668371,936.1,0.852,802.3100000000001,6738.28
Burkina Faso,2008,322893.2173913043,5288162.818181818,758.0306621999999,1.2262499999999998,91.5405,3.18,0.0947186201280162,0.0416856077335566,0.0407657990042204,1039.9,0.279,814.61,6599.499999999999
Burkina Faso,2009,285536.7826086957,5429397.2727272725,771.9125775,1.210625,93.566,3.18,0.0994337743130935,0.0446247235945843,0.0446247235945843,1002.0,0.917,865.17,6776.895
Burkina Faso,2010,337489.8695652174,5574500.090909091,721.1473534545456,1.208125,101.08966666666667,3.22,0.1218466203236757,0.0228925389966616,0.0228836498409549,1062.7,1.233,1074.5100000000002,6506.630000000001
Burkina Faso,2011,290211.7173913043,5723405.181818182,740.2717726363636,1.134375,101.26916666666666,3.01,0.1023563082394341,0.0526305420652791,0.0552183080133624,995.1,0.971,834.32,6527.554999999999
Burkina Faso,2012,336780.26086956525,5874736.181818182,782.6943007272727,1.113125,105.49816666666666,2.97,0.1411157526788847,0.0496911545729855,0.0508966884096531,1203.0,0.46,1075.5999999999997,6397.0
Burkina Faso,2013,336935.44897959183,6036139.909090909,811.7806836363635,1.1006249999999995,107.90698412698409,2.98,0.1504145679936145,0.0684997677445269,0.0655822949675394,1156.5,0.816,937.58,6562.18
Burkina Faso,2014,328466.3469387755,6193398.363636363,833.6523240000001,1.0812499999999998,99.25666666666665,2.97,0.148569253607877,0.0650873375590738,0.0764340098581836,1225.8,0.869,774.0699999999999,6794.209999999999
Burkina Faso,2015,319191.7755102041,6361076.181818182,878.3426730909091,1.066875,98.0071428571429,2.95,0.160047983436737,0.0705719937927404,0.0755439264105633,1168.9,1.095,886.71,6653.415000000001
Burkina Faso,2016,347385.3673469388,6530076.181818182,929.7789219090909,1.0693749999999995,102.73650793650792,2.99,0.1947059558569395,0.0874936104307611,0.0938698145205201,1136.8,1.037,836.0500000000001,6805.9800000000005
Burkina Faso,2017,361845.6530612245,6705378.363636363,979.1924719090912,1.0525,103.23984126984126,2.98,0.1610963113881509,0.0697037529306241,0.0705549445848399,1009.0,1.186,798.96,6783.585000000002
Burkina Faso,2018,364863.7346938776,6885543.2727272725,1015.212416181818,1.038125,110.73253968253968,2.94,0.1552771476385113,0.0626370829076081,0.071051183044405,1152.3,1.127,897.6299999999999,6594.68
Burkina Faso,2019,386772.2653061224,7070659.636363637,1020.4440194166664,1.030625,116.41412698412698,2.95,0.0776994699354008,0.0353024278749488,0.0350154372865411,1156.1,1.055,916.33,6678.51
Burkina Faso,2020,393285.4693877551,5773463.818181818,1054.805425583333,0.916875,124.31555555555552,2.64,0.1283190047131986,0.0705492629646179,0.0632492220948919,1261.7,1.026,972.2,6579.545
Burkina Faso,2021,365742.4693877551,6028876.545454546,1089.90473475,0.958125,120.41539682539684,2.79,0.1165410187976024,0.0443208031791745,0.0377970871776007,1095.7,1.611,689.6,6876.345000000001
Burkina Faso,2022,409239.0,6106530.818181818,1124.4547561666668,0.9406249999999998,128.2412698412698,2.76,0.1324629373055839,0.0666676440906168,0.0570571230992157,1204.1,0.784,1049.52,6447.685
Burkina Faso,2023,398380.67346938775,6186842.181818182,1113.411706,0.941875,128.79999999999998,2.84,0.16325591157222,0.0936968143432494,0.0958103706879065,1221.1,1.45,976.18,6736.994999999999
Burkina Faso,2024,407896.693877551,6236732.363636363,,,128.8,,,,,1197.9,1.437,1064.5,6803.994999999999
Burundi,1990,66793.70588235294,359711.9,229.80876260000005,0.524375,95.96106382978724,2.99,0.0149714705418701,0.0149714705418701,0.001497147054187,1348.5,0.508,1261.53,3349.5599999999995
Burundi,1991,70005.82352941176,369034.8,241.329573,0.515625,102.86212765957444,3.0,0.0142845259091888,0.0142845259091888,0.0014284525909188,1368.9,0.12,1095.4599999999998,3552.5200000000004
Burundi,1992,71180.41176470589,370576.4,251.5662965,0.504375,104.01063829787236,3.0,0.0252738071528267,0.0426662325309253,0.0051278152366769,1391.4,0.234,970.98,3633.69
Burundi,1993,70021.4705882353,363119.4,252.7163448,0.521875,103.45468085106384,2.99,0.0195083020754135,0.033803917285874,0.0015852280603008,1394.1,,934.5,3394.105
Burundi,1994,60436.794117647056,330845.3,261.1222779,0.51125,84.97468085106382,2.95,0.0165462118664562,0.0330924237329124,0.0016546211866456,1274.8,,1089.5599999999995,3646.235
Burundi,1995,65229.14705882353,341024.6,273.5019288,0.4931249999999999,83.6655319148936,3.07,0.0153305699229546,0.0306611398459092,,1331.9,,1120.41,3430.615
Burundi,1996,66361.73529411765,333490.1,281.3460398,0.4974999999999999,80.26255319148935,3.15,0.0150689248189178,0.027124064674052,,1386.3,,1360.5500000000002,3287.3150000000005
Burundi,1997,66618.29411764706,338765.5,287.6324837,0.50375,82.36829787234045,3.24,0.0150108917264377,,,1434.0,,1682.18,3236.9000000000005
Burundi,1998,65501.117647058825,263706.3,289.4885701,0.4899999999999999,78.50851063829788,3.27,0.0212362788600819,0.0186409032984616,0.0153127158135602,1275.9,0.775,801.97,3682.73
Burundi,1999,65767.54545454546,297108.8,298.2984862,0.47125,80.65765957446808,3.35,0.0277036338730206,0.0207853279387591,0.0118751580981499,1309.5,,646.57,3959.16
Burundi,2000,62309.91176470588,316337.6,309.2948688,0.4656249999999999,79.88249999999998,3.39,0.0240732165640719,0.0160488110427146,0.0160488110427146,1228.2,,969.0,3854.24
Burundi,2001,68432.20588235294,340803.0,317.0793689,0.3362499999999999,88.78833333333331,2.3,0.0219195038455832,0.0146130025637221,0.0146130025637221,1283.5,0.533,905.3699999999998,3564.72
Burundi,2002,73981.9705882353,319873.8,327.9888659,0.32625,106.93958333333336,2.31,0.0069476386734922,0.0107999285994559,0.0001622016810932,1308.8,0.941,973.18,3845.065
Burundi,2003,69177.82352941176,333411.1,335.1399369,0.3175,83.11770833333337,2.32,0.0040764508857394,0.0,0.0002746544923015,1284.1,1.08,981.09,3789.04
Burundi,2004,72901.61764705883,366795.8,348.0585434,0.31375,112.43458333333332,2.33,0.0058846430826394,0.0085594808474756,0.0005761189031954,1328.1,1.181,1414.6800000000003,3477.9200000000005
Burundi,2005,70098.26470588235,404048.6,356.8873267,0.308125,90.03520833333336,2.4,0.0156637258369656,0.0321833929764976,0.0005135647815398,1344.3,,932.73,3706.945
Burundi,2006,69895.38235294117,459504.1,365.67153900000005,0.3043749999999999,109.96625,2.45,0.0212889600129265,0.0091422348442608,0.0126188593625008,1277.0,,1304.5599999999995,3649.045000000001
Burundi,2007,65670.38235294117,457105.8,374.2463403,0.29875,94.80041666666664,2.47,0.0123190998896895,0.0104308818596258,0.0033805193764042,1303.1,1.284,1514.84,3431.6600000000003
Burundi,2008,69039.20588235294,536905.5,383.2411383,0.2931249999999999,105.50979166666669,2.53,0.0144410699291491,0.005388242741869,0.0084734462472941,1281.8,,1441.65,3290.7200000000003
Burundi,2009,69516.73529411765,572197.9,390.3294099,0.2875,97.47062500000004,2.59,0.0150898916003719,0.0089618707979329,0.0013809624343524,1296.9,,1621.0600000000002,3453.295000000001
Burundi,2010,73416.0,661884.7,401.1798496,0.2875,110.44187499999998,2.69,0.0264519995641273,0.0181568050561183,0.0023291925465838,1231.7,,1197.34,3440.935
Burundi,2011,72346.9705882353,715921.4,408.0182707,0.1887499999999999,108.19020833333332,2.76,0.0369469513134615,0.0370022404287828,0.0039393494666429,1153.8,,1597.01,3506.105
Burundi,2012,78385.32352941176,787786.0,416.3630305,0.1849999999999999,97.12791666666668,2.75,0.0404157290849384,0.0318299381524373,0.0090960905421594,1107.5,,1182.41,3479.28
Burundi,2013,78565.76470588235,936262.7,434.5288623,0.2049999999999999,103.73145833333332,2.89,0.0501363413790463,0.0865389654826443,0.0053967526643096,1178.4,,1097.78,3548.05
Burundi,2014,75951.67647058824,800068.7,433.3819959000001,0.1962499999999999,96.46187499999998,2.83,0.0739154191306614,0.0594061936440228,0.0375633578161341,1332.4,,1235.9799999999998,3523.7599999999998
Burundi,2015,79656.44117647059,782828.7,443.0755994,0.1912499999999999,95.67416666666664,2.77,0.0579739683545394,0.048734288686081,0.0188685306273003,1203.9,,1157.12,3659.07
Burundi,2016,87328.20588235294,950594.4,454.9354164,0.2831249999999999,107.86395833333331,2.87,0.0926046735792852,0.0565567556334969,0.0489303536792736,1482.5,,1110.9,3593.4
Burundi,2017,92189.58823529413,1128317.9,467.4250153,0.30375,108.21687499999996,3.09,0.1100775065194921,0.0709516131399289,0.0500381885666552,1125.4,,1060.91,3857.45
Burundi,2018,103618.26470588236,1081830.3,482.4687228,0.2975,118.49,3.05,0.129870926117101,0.0935066807719842,0.0520275070741838,1322.8,,1760.6899999999998,3258.1449999999995
Burundi,2019,130153.38235294116,1115518.9,494.8773639,0.3018750000000001,122.24416666666669,3.15,0.0529221744028252,0.104868577006992,0.028328115131129,1187.9,,1714.5100000000002,3490.7850000000003
Burundi,2020,119871.91176470587,992485.0,508.8400606,0.273125,107.51249999999996,2.85,0.0574613343409443,0.1138632044743828,0.0307578309690856,1160.9,,2582.96,3358.63
Burundi,2021,136632.0,1358733.7,519.5080389,0.3125,118.84916666666668,3.33,0.050412787633936,0.0998960711985472,0.0269848937291408,1189.0,,2031.73,3295.6050000000005
Burundi,2022,147399.0294117647,1420958.3,529.1642349,0.309375,124.27458333333334,3.35,0.0467302941375419,0.2774305920683073,0.0250137332295466,1202.9,,1560.59,3272.915
Burundi,2023,136489.4411764706,1486114.0,532.9530716,0.2975,117.30749999999996,3.23,0.0504654421662865,0.2996055932790297,0.0270130785811699,1167.5,,1634.9,3665.62
Burundi,2024,130040.61764705884,1481983.2,,,117.22562499999998,,,,,1163.4,,1509.8,3662.255000000001
Cabo Verde,1990,5155.088235294118,34665.818181818184,28.6176946,0.2774999999999999,72.71000000000001,1.36,,,,334.6,1.081,324.40000000000003,4972.21
Cabo Verde,1991,4978.411764705882,39500.72727272727,28.8541764,0.275625,62.74688888888889,1.46,,,,252.9,0.448,202.52,4702.0650000000005
Cabo Verde,1992,4710.705882352941,49001.72727272727,30.2618106,0.3125,68.79279069767442,1.81,,,,302.1,0.656,159.54999999999998,4758.165
Cabo Verde,1993,4868.75,50542.545454545456,29.9452375,0.303125,73.3127906976744,1.83,,,,359.1,0.276,255.15000000000003,4652.27
Cabo Verde,1994,4885.09375,42900.0,30.7093051,0.27875,65.52232558139536,1.55,,,,250.3,0.209,130.05,4643.969999999999
Cabo Verde,1995,4610.03125,48599.454545454544,32.9024363,0.34375,70.7693023255814,1.84,,,,262.9,1.243,171.32000000000002,5026.240000000001
Cabo Verde,1996,4689.34375,35896.90909090909,34.3570885,0.31125,153.90976744186045,1.41,,,,317.2,1.366,176.51999999999998,5059.23
Cabo Verde,1997,4649.71875,39970.90909090909,35.996946,0.326875,146.63581395348837,1.54,0.0219368106941904,,,146.9,1.422,216.32,5010.349999999999
Cabo Verde,1998,4326.5625,45109.09090909091,37.1428594,0.344375,115.50348837209306,1.73,0.024962080173342,,0.0013867822318523,141.5,1.548,209.85,5121.390000000001
Cabo Verde,1999,3798.34375,45703.63636363636,39.618624700000005,0.370625,130.92604651162793,1.79,0.0473890758307361,,0.0018429085045286,1162.0,0.562,205.81000000000003,4807.345
Cabo Verde,2000,4756.0,43845.454545454544,41.5344457,0.36625,116.18279069767443,1.7,0.0252312867956212,,0.0018923465096715,794.8,0.807,232.68,4803.424999999999
Cabo Verde,2001,4310.96875,40816.0,44.3383305,0.375,110.5079069767442,1.55,0.0563678407550376,,,637.3,1.097,174.07999999999998,5103.82
Cabo Verde,2002,4510.65625,40780.72727272727,45.3025005,0.38375,96.23651162790694,1.51,0.0179574756999011,0.0013301833851778,0.0013301833851778,148.5,1.244,304.59000000000003,4993.66
Cabo Verde,2003,4351.21875,40422.81818181818,46.6349882,0.3693749999999999,101.73302325581396,1.48,0.0324047141964461,0.0025280273486589,0.0027578480167188,379.2,1.328,232.15000000000003,5018.69
Cabo Verde,2004,3912.09375,46765.545454545456,48.330666,0.3806249999999999,100.58767441860466,1.55,0.0201937900900201,0.0048567343254478,0.005112351921524,385.2,1.363,244.51,5039.88
Cabo Verde,2005,3220.65625,43144.90909090909,50.9598955,0.384375,95.00395348837208,1.49,0.0260816409699029,0.0055889230649791,0.0027944615324895,243.2,0.939,312.45,5065.11
Cabo Verde,2006,4151.75,38298.90909090909,53.8765259,0.401875,96.5606976744186,1.46,0.0248088155596977,0.0093936291925069,0.0101162160534689,218.0,1.123,213.56,5045.025000000001
Cabo Verde,2007,4051.59375,38281.181818181816,53.000779,0.3956249999999999,103.68790697674416,1.38,0.0204857656323464,0.0096258416826687,0.0096258416826687,158.8,0.589,172.41,4956.224999999999
Cabo Verde,2008,4388.65625,34726.63636363636,48.7685478,0.3737499999999999,103.09046511627906,1.32,0.0177730939851992,0.0052407841238408,0.0052407841238408,233.8,1.07,319.23,4924.055
Cabo Verde,2009,4151.75,40505.27272727273,49.0688832,0.40125,99.99023255813952,1.43,0.0228819172637989,0.0079484554705827,0.0067441440356459,230.8,0.545,274.43,4883.990000000001
Cabo Verde,2010,3880.84375,46243.63636363636,49.557903,0.4187499999999999,102.86837209302324,1.48,0.0247368887242562,0.006441898105275,0.003865138863165,220.0,,200.32,5370.304999999999
Cabo Verde,2011,3889.294117647059,48151.09090909091,50.3826346,0.44375,104.1011111111111,1.46,0.0167125442390833,0.0107988747391,0.0046280891739,177.8,1.14,299.54,5039.135
Cabo Verde,2012,4277.441176470588,49193.63636363636,50.1077004,0.404375,112.94377777777778,1.48,0.0222095397880759,0.007013538880445,0.0002337846293481,196.2,1.106,392.12,4896.375
Cabo Verde,2013,4172.117647058823,50267.545454545456,50.3552964,0.4050000000000001,116.41266666666662,1.51,0.0215717790373013,0.0052731015424514,0.0043143558074602,182.3,1.108,241.47,5029.895
Cabo Verde,2014,4358.088235294118,51335.36363636364,51.35371729999999,0.4075,102.49822222222224,1.52,0.0176682976210521,0.0032124177492822,0.000229458410663,34.3,0.86,272.7,4767.549999999999
Cabo Verde,2015,4229.558823529412,52459.0,51.99622800000001,0.4125,100.52622222222224,1.55,0.0286081846945448,0.0063836445186174,0.0011821563923365,276.5,0.848,528.4499999999999,4795.9400000000005
Cabo Verde,2016,4204.058823529412,53610.454545454544,56.4821204,0.414375,96.83534883720928,1.58,0.0323496900754096,0.0040437112594262,0.000475730736403,178.0,1.486,745.3699999999999,5000.664999999999
Cabo Verde,2017,4230.0,35176.181818181816,58.071381,0.4056249999999999,85.8286046511628,1.34,0.0382978723404164,0.0054373522458615,0.0026004728132381,0.1,1.785,461.95,5031.915000000001
Cabo Verde,2018,4022.205882352941,35064.72727272727,60.1643061,0.415,76.52883720930232,1.31,0.0445029432196152,0.0027348177397528,0.0034806771233218,22.7,0.702,309.75,4637.54
Cabo Verde,2019,3981.617647058824,35679.181818181816,61.02053440000001,0.425625,73.78511627906977,1.33,0.0384265927977742,0.0045207756232675,0.0022603878116337,23.2,1.39,360.75000000000006,4910.155
Cabo Verde,2020,4042.484848484849,40938.36363636364,59.1954144,0.4156249999999999,77.80333333333331,1.42,0.0479902850032114,0.0076685506963894,0.0118738849492481,15.7,,357.94000000000005,5141.975
Cabo Verde,2021,4035.757575757576,41747.63636363636,62.514368000000005,0.48875,78.0247619047619,1.43,0.0361766030935486,0.0059468388646929,0.0079291184862572,16.3,1.493,327.25,5002.76
Cabo Verde,2022,3603.4242424242425,42557.454545454544,63.8698203,0.48875,79.27547619047616,1.43,0.0319140884512117,0.0052727624397654,0.0063828176902423,11.5,1.581,304.54,5073.885
Cabo Verde,2023,3639.727272727273,43398.09090909091,63.89980920000001,0.4825,72.40285714285714,1.46,0.0365411993905536,0.0049454254814283,0.0071433923620631,23.0,2.541,449.9100000000001,5372.219999999999
Cabo Verde,2024,2425.6666666666665,44259.72727272727,,,70.86214285714286,,,,,40.3,2.33,258.94000000000005,5263.595
Cameroon,1990,86759.67164179105,2098136.5,736.0721608,2.459375,42.74573033707865,6.56,0.1037348324364186,0.0345782774788062,0.1129557064307669,1259.3,0.586,1699.14,4603.53
Cameroon,1991,82802.4,2040469.9166666667,749.3174614,2.37875,45.55516853932585,6.57,0.0724616677777447,0.0338154449629475,0.1123155850555042,1179.3,0.594,1686.82,4526.78
Cameroon,1992,85935.72,2042378.5,767.6725717,2.300625,46.08516853932584,6.56,0.1093840838245131,0.0465464186487289,0.0872745349663668,1072.2,-0.237,1407.45,4348.605
Cameroon,1993,91049.54666666666,2045920.3333333333,741.9168665999999,2.2262500000000003,47.76011235955056,6.56,0.1120708490439478,0.0593083677809994,0.0735863081727215,959.3,0.179,1610.2,4545.895
Cameroon,1994,92894.3552631579,2057753.6666666667,761.3645901000001,2.1525000000000003,48.56866666666666,6.57,0.1614737510961429,0.0538245836987143,0.1076491673974286,968.7,0.242,1722.57,4473.02
Cameroon,1995,97112.6447368421,2061545.4166666667,779.5704704,2.10875,50.70066666666666,6.57,0.1544598032588563,0.0514866010862854,0.1029732021725709,1172.1,0.26,1767.08,4511.195
Cameroon,1996,97602.75,2071128.75,798.7271151000001,2.1049999999999995,52.891555555555534,6.65,0.1844210332188367,0.0512280647830101,0.1127017425226224,1344.0,0.318,1602.2099999999998,4551.72
Cameroon,1997,96634.02631578948,2107503.833333333,820.4989601999999,2.045,52.990333333333325,6.68,0.1955832817959655,0.0726659155963635,0.1373015334851254,1400.3,0.54,1796.75,4482.010000000001
Cameroon,1998,101827.5394736842,2159670.5,786.1092484999999,2.088125,56.22855555555556,7.04,0.1622841923256966,0.0750091776692085,0.1509414847834165,1413.2,1.175,1634.72,4858.29
Cameroon,1999,84861.34615384616,2276962.25,798.6847840999999,2.009375,59.19608695652175,6.92,0.3062053712050616,0.1181338790198477,0.1590830291040343,1893.3,0.548,1731.04,4599.389999999999
Cameroon,2000,89517.83333333333,2487045.583333333,861.2613368999998,2.00125,59.86554347826087,7.05,0.2441748106057052,0.0855248581753719,0.1851027821272091,1763.5,0.31,1675.5,4627.1
Cameroon,2001,93164.92307692308,2485247.333333333,902.7065328,1.638125,60.970108695652186,5.75,0.2745239211852566,0.1066710481990569,0.1823433051726282,1708.9,0.223,1032.49,4853.855
Cameroon,2002,102861.64102564105,2457969.333333333,807.2743444,1.5775,60.672826086956505,5.75,0.2021258828139547,0.0955652651657532,0.2683215990411788,1682.7,0.68,1259.96,5200.06
Cameroon,2003,108356.15384615384,2498369.583333333,835.7311924000002,1.620625,62.14978260869564,6.08,0.1787623435536639,0.1080972292227189,0.161707474638477,1619.9,0.895,1036.33,5229.09
Cameroon,2004,111258.73076923077,2510563.583333333,861.3158595000001,1.5062499999999996,63.55130434782611,5.74,0.298106941996252,0.1177885089052637,0.1767232096219226,1563.2,0.761,1056.89,5425.165
Cameroon,2005,109374.05128205128,2527195.0,879.0810636999998,1.530625,68.09945652173913,6.04,0.2082120917444422,0.0564759184431308,0.1714117725387433,1669.7,0.877,1053.3100000000002,5452.345
Cameroon,2006,114472.91025641024,2528247.0,741.0272165833334,1.42375,70.19271739130436,5.75,0.2217380508903274,0.099272395316459,0.1494851485969067,1700.3,0.923,1018.83,5381.085
Cameroon,2007,117944.01282051284,2531615.583333333,768.0636804166667,1.3987499999999995,72.00543478260869,5.73,0.1890642811512138,0.0584853765362156,0.1884029504220423,1676.3,0.597,1098.21,5163.525
Cameroon,2008,121067.82051282052,2370825.5,785.9210445,1.3512499999999998,74.53152173913043,5.65,0.1891088804855072,0.056340322069956,0.077526794157544,1678.5,0.518,1356.8000000000002,4983.475
Cameroon,2009,136271.11538461538,2374263.0,792.9752231666666,1.3099999999999998,77.9461956521739,5.53,0.1856372858518172,0.0330884500891743,0.0877075084200071,1722.9,0.93,1657.17,5076.264999999999
Cameroon,2010,148065.9871794872,2548941.5,814.1656362500001,1.28375,83.26478260869565,5.39,0.1719301001190812,0.0724339208774461,0.1425040308171667,1648.7,1.081,1513.99,4873.739999999999
Cameroon,2011,152296.16666666666,2565826.5,818.14143375,1.105,86.93119565217391,4.6,0.2427966560769187,0.0570204765495297,0.1494587848019802,1710.0,0.511,1269.3099999999995,4826.89
Cameroon,2012,157465.6923076923,2588531.333333333,847.1942603333333,1.0756249999999998,89.66358695652171,4.61,0.1786357370152412,0.0799729757983907,0.1483497748471696,1591.5,0.32,1638.62,4822.14
Cameroon,2013,159765.37179487178,2689769.9166666665,888.3533023333334,1.066875,92.10847826086956,4.65,0.2323281921670538,0.0634367753546282,0.0945636706519707,1676.4,0.617,1705.88,4700.985
Cameroon,2014,165009.29487179487,2910008.75,922.6383443333334,1.053125,96.57630434782614,4.64,0.1576274840772363,0.0716383886688585,0.132234975108239,1630.4,0.759,1432.5,4779.025000000001
Cameroon,2015,176292.2564102564,2946460.1666666665,941.2842340833334,1.0525,99.96402173913044,4.66,0.2418313819796309,0.0719430351522918,0.1642046031371556,1615.3,1.02,1564.52,4904.040000000001
Cameroon,2016,191486.8205128205,2839712.6666666665,948.488421,2.095625,103.4594565217391,11.86,0.2076330887604759,0.0673414492207132,0.0780680360139932,1578.1,1.107,1928.13,4843.145
Cameroon,2017,182724.10256410256,2822163.333333333,964.2698360833332,2.02,104.81934782608698,11.81,0.2543178450346873,0.054344226408316,0.1333978367273618,1711.2,1.057,2095.74,4839.034999999999
Cameroon,2018,190748.39743589744,2820782.5,987.2911005,1.96125,108.03717391304346,11.76,0.220316398800271,0.0907216009812895,0.1240377393364524,1826.3,1.006,2029.03,4607.215
Cameroon,2019,187698.8076923077,2827180.5,994.4539295833332,1.918125,106.67902173913043,11.79,0.2238959347514388,0.0804373782957102,0.1260530116887339,1849.5,1.411,1916.54,4859.244999999999
Cameroon,2020,188983.9358974359,2842237.75,1005.447076,1.8856250000000003,107.63206521739129,11.86,0.2597416535267839,0.0963309389951535,0.1744804384743857,1670.7,1.083,1881.03,4573.725
Cameroon,2021,192830.5897435897,2871652.583333333,1023.5997358333334,1.329375,109.19717391304349,7.74,0.2372808176381196,0.0679145358493894,0.2360310159322779,1726.7,1.225,1533.4799999999998,4696.795
Cameroon,2022,197805.6923076923,2903092.333333333,1070.9017346666667,1.3043749999999998,110.55282608695644,7.76,0.1617850306866792,0.0752152267532158,0.1608801022293042,1693.9,0.804,2097.8,4668.84
Cameroon,2023,198957.8333333333,2915365.083333333,1078.950536,1.260625,111.78641304347826,7.68,0.2020980995135475,0.0684366117778721,0.2406339031637345,1770.4,1.081,1628.61,4909.165
Cameroon,2024,199912.3205128205,2913613.583333333,,,112.2366304347826,,,,,1770.4,1.407,1115.41,5273.145
Central African Republic,1990,36755.95348837209,856276.0,170.67991360000002,7.602500000000001,91.8207272727273,10.57,0.0217651815304712,0.0010882590765235,0.0027206476913089,809.9,0.213,1471.86,5462.97
Central African Republic,1991,36681.90697674418,957866.1818181818,173.21175300000002,7.4275,86.86218181818184,10.52,0.0218091169716767,,0.0027261396214595,893.4,0.411,1398.2499999999998,5437.740000000001
Central African Republic,1992,35000.441860465115,978233.1818181818,175.1028221,7.1975,82.7667272727273,10.59,0.0257139610862048,0.002857106787356,0.002857106787356,1005.9,-0.54,1614.8999999999996,5420.445
Central African Republic,1993,33823.0,1101041.6,166.79324390000002,6.938124999999999,80.06254545454546,10.59,0.0295656801584711,0.0029565680158471,0.0029565680158471,989.7,0.138,1246.9999999999998,5381.955
Central African Republic,1994,38020.651162790695,1139428.0,167.88351010000002,6.769375,84.62745454545457,10.62,0.0026301495882286,0.0026301495882286,0.0026301495882286,876.4,0.359,1560.47,5596.395
Central African Republic,1995,39332.6976744186,1179286.0,170.8937604,6.605625,83.81327272727275,10.66,0.00254241396885,0.00254241396885,0.00254241396885,869.2,-0.038,1647.91,5473.514999999999
Central African Republic,1996,43236.37209302326,1219807.0,173.7990112,5.016249999999999,89.21672727272727,7.92,0.0023128675038887,0.0023128675038887,0.0023128675038887,882.7,-0.087,1617.51,5274.374999999999
Central African Republic,1997,44353.395348837206,1262345.2,175.1456497,5.17375,90.4547272727273,8.52,0.0022546188226065,0.0022546188226065,0.0022546188226065,947.9,-0.073,1282.44,5486.605
Central African Republic,1998,44624.232558139534,1307527.0,165.6144417,5.6293750000000005,91.21872727272726,9.42,0.0044818697943863,0.0044818697943863,0.0044818697943863,989.2,1.055,1602.4300000000003,6093.269999999999
Central African Republic,1999,45459.76744186047,1352350.0,168.44011740000002,5.0575,89.28109090909092,8.73,0.0043994945696935,0.0043994945696935,0.0043994945696935,1006.8,0.273,1409.25,5689.530000000001
Central African Republic,2000,44886.83720930233,1399444.2,173.56004149999998,5.125,91.22363636363634,9.14,0.0044556491932683,0.0044556491932683,0.0044556491932683,993.3,0.464,1047.97,6209.504999999999
Central African Republic,2001,46364.3023255814,1448979.8,179.7276682,5.95625,94.12309090909092,11.24,0.0043136635292287,0.0043136635292287,0.0043136635292287,1032.6,0.253,892.29,6551.929999999999
Central African Republic,2002,44813.95348837209,1500717.0,184.3935812,5.2175,92.3349090909091,10.11,2.231447846393308e-05,0.0,0.0017405293201867,1048.3,0.597,1018.41,6604.190000000001
Central African Republic,2003,44915.348837209305,1554655.8,189.4855005,6.624374999999999,89.67563636363636,13.21,0.0,0.0,0.0,1009.5,0.696,1232.34,6304.0
Central African Republic,2004,46360.79069767442,1596082.0,196.10251950000003,5.460624999999999,91.13945454545453,11.09,0.0002588394162268,0.0005176788324536,0.00202757542711,1007.7,0.767,1017.6700000000002,6522.22
Central African Republic,2005,46870.46511627907,1652042.0,204.5300106,6.105625000000001,93.83654545454546,12.76,0.0052271723652023,0.0,0.0,1018.2,0.807,779.7599999999999,7058.659999999998
Central African Republic,2006,48344.6976744186,1715062.0,207.1687483,5.741250000000001,93.1363636363636,12.2,0.0062261222942607,0.0020064247925026,0.0006205437502585,989.7,0.816,807.74,6857.735
Central African Republic,2007,53260.93023255814,1821321.0,209.9693717,5.987500000000001,95.99436363636362,12.97,0.0065714210861837,0.0036424448306275,0.00112652932906,951.2,0.342,1349.85,6307.490000000001
Central African Republic,2008,53524.79069767442,1930075.8,213.1544889,5.742500000000001,95.21963636363635,12.64,0.0033068788815962,0.0015506833173586,0.0026156104148218,946.8,0.387,1264.4,6050.51
Central African Republic,2009,55732.95348837209,2007325.4,215.46429010000003,4.651875,94.47272727272733,10.14,0.0034091141435674,0.0014533591875208,0.0024222653125347,948.4,0.82,1601.1199999999997,6044.84
Central African Republic,2010,49118.16279069767,2088577.4,215.48027950000005,5.501875,95.45345454545456,12.03,0.0045197130223697,0.0042754042103498,0.0021987793081798,907.7,0.882,1576.59,5804.749999999999
Central African Republic,2011,49062.88372093023,2321923.2,216.0735323,5.7525,98.07381818181824,12.86,0.0082139484970401,0.0050547375366401,0.0030573009294194,965.7,0.437,1479.2,5714.139999999999
Central African Republic,2012,51173.20930232558,2347342.4,219.5325919,5.311875000000001,100.56436363636364,12.02,0.0044359148682449,0.0012115714618113,0.0042600415915303,942.0,0.092,1578.5,5783.240000000001
Central African Republic,2013,43762.74418604651,2359342.4,218.0469311,5.126875,95.46381818181818,11.61,0.0025821049868263,0.0007083650848815,0.0026278059600445,910.9,0.592,1543.57,5510.950000000001
Central African Republic,2014,46155.16279069767,2369342.4,222.3688404,4.84625,98.57890909090912,10.86,0.0,0.0,0.0002383265345608,896.0,0.462,1486.48,5512.36
Central African Republic,2015,47198.25581395349,2411058.1,229.3625972,4.922499999999999,98.90963636363637,11.01,0.0046400019709044,0.0006144294847316,0.0077121493945626,884.1,0.715,1546.21,5816.395
Central African Republic,2016,51776.20930232558,2466389.9,243.4191483,6.124375,102.51181818181816,14.2,0.0040559168550518,0.0015451111828769,0.0022017834355995,875.1,0.926,1722.57,5774.465
Central African Republic,2017,53784.81395348837,2433255.1,255.5413262,5.525625,104.01927272727272,13.01,0.0015989643484565,0.0012642973918028,0.003383854783943,871.5,0.934,1746.83,5608.0
Central African Republic,2018,61715.53488372093,2458971.8,279.81077510000006,5.508124999999999,120.25509090909088,12.53,0.0034675224058771,0.0004374911446667,0.0015717274456546,863.8,0.925,1636.5999999999997,5392.715
Central African Republic,2019,71601.67441860466,2500310.9,275.7984422,5.253124999999999,143.9043636363636,11.42,0.0029189261521751,0.0003631199997921,0.0026675353830883,859.3,1.143,1414.85,5703.950000000001
Central African Republic,2020,109524.6511627907,2529744.4,285.3276276,5.189374999999999,168.62327272727276,11.23,0.002045201674891,0.0002647805739814,0.0016160745377487,713.0,0.804,1735.89,5662.6050000000005
Central African Republic,2021,92975.0,2521011.8,296.9812317,5.1575,174.27181818181816,11.29,0.0024092497983328,0.0003119118042484,0.0019037375638612,807.2,0.949,1814.41,5597.695000000001
Central African Republic,2022,88472.93023255814,2556266.5,297.6135711,5.288750000000001,177.17763636363634,11.5,0.0002147549532953,0.0,0.0,830.0,0.711,1608.2599999999998,5507.004999999999
Central African Republic,2023,90493.02325581395,2582524.6,299.140617,4.50125,180.59418181818177,9.8,0.0008729954769736,0.0,0.0,878.1,0.899,1746.0800000000002,5821.765
Central African Republic,2024,95627.13953488372,2582602.3,,,181.49145454545456,,,,,788.4,1.345,1545.31,5939.669999999999
Chad,1990,126142.75757575755,3088323.333333333,275.7706332,2.13125,56.22916666666666,0.55,0.0158550521523111,0.0150622995446956,0.0150622995446956,559.2,0.461,29.080000000000005,6930.325000000001
Chad,1991,155271.125,3276493.1666666665,290.98379830000005,2.12375,,0.56,0.0218971814624256,0.0167449034712666,0.0167449034712666,618.6,0.562,78.75000000000001,6905.295
Chad,1992,151504.28125,3479051.583333333,303.4618391,2.10625,,0.58,0.0278804002444648,0.0171084274227397,0.0215175437492792,729.9,-0.301,116.72,6519.12
Chad,1993,137680.6875,3694713.4166666665,290.3253003,2.115,,0.6,0.0154560529776551,0.0113450915183728,0.0113450915183728,501.0,0.179,19.72,6838.705
Chad,1994,167444.0625,3923976.75,302.0957974,2.14625,,0.62,0.0119442873646235,0.0119442873646235,0.0179164310469353,746.5,0.326,273.82000000000005,6479.925
Chad,1995,171629.9375,4168432.1666666665,312.5326463,2.1281250000000003,,0.64,0.0207306490454206,0.0116529786652167,0.0174794679978251,581.8,0.112,138.15,6553.9
Chad,1996,173799.0,4425340.416666667,324.71263710000005,2.271875,,0.71,0.0431532977750157,0.013809055288005,0.0115075460733375,601.3,0.568,68.39,6811.805
Chad,1997,212352.03125,4707039.75,335.69414730000005,2.26,,0.72,0.0162466070123828,0.011301987486875,0.0094183229057291,582.0,0.226,56.02,6888.31
Chad,1998,224353.15625,5002860.333333333,319.8912348,2.3475,,0.74,0.0476703790522222,0.0076887708148745,0.0196119371509843,685.2,0.818,108.11,7136.8
Chad,1999,212282.09375,5314156.916666667,329.62106759999995,2.374375000000001,73.39333333333335,0.77,0.0518178420312473,0.0094214258238631,0.0211982081036921,672.8,0.529,153.59,6671.065
Chad,2000,212809.875,5647510.833333333,344.60272640000005,2.381875,73.55416666666666,0.82,0.0516893306760315,0.0093980601229148,0.0211456352765583,531.3,0.293,9.6,6736.334999999999
Chad,2001,244861.9375,6007303.166666667,358.94274720000004,2.400625,84.14562499999998,0.92,0.0449232743655798,0.008167868066469,0.0183777031495553,634.7,0.251,37.75,6762.16
Chad,2002,204009.375,6385579.333333333,372.4976161,2.4525,83.07958333333333,0.97,0.0208421794341558,0.0095093669102216,0.0265134874316436,670.9,0.733,43.38,6851.43
Chad,2003,221076.84375,6788686.333333333,388.7076842,2.46875,80.75375000000001,1.01,0.0185365410980542,0.0112630520581149,0.0176725881088574,827.3,0.786,46.720000000000006,7008.905
Chad,2004,201842.0625,7218097.916666667,404.6577133,2.47625,68.94425531914894,1.04,0.0333973995137904,0.0157499381478029,0.022770278618214,671.2,0.791,6.510000000000001,6995.04
Chad,2005,258802.5,7674374.5,422.522667,2.47875,86.435625,1.08,0.0203475623303483,0.0072874102839037,0.0165531631263221,749.9,1.12,108.66,7063.739999999999
Chad,2006,257860.8125,8160360.333333333,432.4084650000001,2.4775,79.18291666666666,1.12,0.0251492265812975,0.0097533238013821,0.0173737139682672,766.8,1.347,118.25,6854.140000000001
Chad,2007,245473.6875,8691752.25,441.0254799000001,2.51875,91.03041666666668,1.18,0.0243406943564978,0.0078460547833665,0.0212975983423884,799.3,0.555,64.54,6857.115000000001
Chad,2008,255139.25,9248368.916666666,454.6433756,2.465,89.76458333333335,1.19,0.026499254818692,0.0087834388476096,0.0209532637569483,775.2,0.409,90.53,6770.9800000000005
Chad,2009,265629.6875,9836337.25,474.9273947,2.41375,83.55354166666667,1.2,0.026736469356423,0.0074426921877848,0.0154952559660711,598.3,1.214,95.61,7011.360000000001
Chad,2010,428014.15625,10463669.666666666,485.6553686,2.479375,94.45166666666668,1.27,0.0189970352178041,0.0080137536338787,0.0126654689356433,762.8,1.298,204.04,6837.810000000001
Chad,2011,286755.1875,11132082.75,486.1710099,2.7100000000000004,87.93187499999998,1.47,0.0290247582705019,0.0139073334113615,0.0279681078132194,632.0,0.936,100.21,6753.85
Chad,2012,367503.1875,11843973.583333334,517.6897357,2.74875,117.94958333333334,1.53,0.0214175013107878,0.0098148808573258,0.0179753542953963,934.8,0.511,170.88,6795.74
Chad,2013,357211.15625,12602692.75,537.0953315,2.716875,99.93,1.54,0.0287589002198191,0.0107135511672586,0.0167771915718267,822.8,0.976,137.45000000000002,6818.614999999999
Chad,2014,371079.21875,13414519.666666666,555.5514925,2.71625,97.64125,1.59,0.0303358405192286,0.0097364654700162,0.0173547848399957,855.7,0.812,101.25,6900.299999999999
Chad,2015,336376.21875,14518480.25,571.1381451,2.7993749999999995,94.88437500000002,1.68,0.0414119644122432,0.0102742102662392,0.0233548020403864,801.9,0.978,43.65,6724.120000000001
Chad,2016,379896.34375,15457737.166666666,587.5601706,2.878125,107.47270833333334,1.78,0.0307715517464755,0.0112399081229641,0.0144723688196853,844.7,0.764,83.33,6899.910000000001
Chad,2017,348362.375,16457142.5,607.9804332,2.853125000000001,106.56750000000004,1.82,0.0418328758953947,0.0144045406740609,0.0235989894143992,825.2,0.895,65.98,6988.005
Chad,2018,370598.34375,17524495.0,633.025644,2.895625,108.99958333333332,1.91,0.0375932602909803,0.0118106302249225,0.0198759657840483,893.0,1.19,180.4,6732.264999999999
Chad,2019,373849.03125,18662481.916666668,651.4581432,2.8937500000000003,111.42812499999998,1.96,0.0402649164280801,0.0141367224687705,0.0184191997956393,886.3,0.943,182.1,6755.410000000002
Chad,2020,373109.1875,19876437.83333333,677.2981523,2.9575,111.86687499999998,2.07,0.0412024161157917,0.0130203172764272,0.0178848450361463,867.1,0.852,318.04,6592.0650000000005
Chad,2021,374518.8125,21061370.0,704.5799712,2.9512499999999995,112.17041666666672,2.13,0.0377711333259126,0.0122583962320984,0.0168189148041795,814.3,1.06,238.89,6630.954999999999
Chad,2022,376473.03125,22496981.33333333,713.771545,2.97625,114.60729166666664,2.21,0.0449461145830746,0.0175816046584345,0.0293513720313796,845.5,0.594,281.33000000000004,6366.7
Chad,2023,362179.03125,24027110.83333333,716.5974951000001,2.986875,116.00291666666664,2.32,0.0467199880169759,0.0182754920326436,0.0305097729204883,819.3,1.344,216.51,6984.5650000000005
Chad,2024,380373.15625,23400100.5,,,132.87895833333332,,,,,826.9,1.617,665.51,6324.239999999999
Comoros,1990,5151.833333333333,44148.0,21.2185559,0.386875,4716.201666666666,2.33,,,,1267.0,0.238,878.37,6023.094999999999
Comoros,1991,5145.8,44263.25,21.5788194,0.3043749999999999,527.3705555555556,1.72,0.0194333242644449,,,778.3,0.382,1371.7599999999998,5984.710000000001
Comoros,1992,5217.466666666666,44277.5,21.8527597,0.30125,503.8308333333332,1.71,0.01916638981881,,,795.0,0.202,794.9099999999999,5973.709999999999
Comoros,1993,5638.214285714285,44792.5,22.1275337,0.2987499999999999,492.118611111111,1.66,0.0177361119908754,,,807.4,0.316,1153.4499999999998,5898.97
Comoros,1994,5335.535714285715,45282.5,22.2003382,0.2975,478.778611111111,1.64,0.0187422604504801,0.0187422604504801,0.0187422604504801,822.3,0.677,1063.9,5981.44
Comoros,1995,5854.678571428572,45922.5,22.4160099,0.2975,467.0558333333335,1.62,0.0170803569794579,0.0170803569794579,0.0170803569794579,839.3,0.558,813.67,6009.5
Comoros,1996,6115.107142857143,46625.0,22.5262263,0.296875,455.1086111111111,1.6,0.0163529432377632,0.0163529432377632,0.0163529432377632,849.2,0.095,999.35,5909.33
Comoros,1997,6264.892857142857,47283.75,22.7093428,0.29625,442.4338888888889,1.58,0.0159619649178788,0.0159619649178788,0.0159619649178788,854.7,0.388,933.64,6023.275
Comoros,1998,6287.464285714285,53036.25,23.0088507,0.3025,431.7286111111112,1.63,0.0159046629063474,0.0159046629063474,0.0159046629063474,840.3,0.861,1185.15,6159.554999999999
Comoros,1999,6431.75,60745.0,23.147001,0.3106249999999999,421.0894444444444,1.66,0.0155478679985982,0.0155478679985982,0.0155478679985982,890.1,0.309,1037.99,5996.785
Comoros,2000,6545.642857142857,46910.0,23.6067795,0.29625,406.77972222222223,1.54,0.0152773382511789,0.0152773382511789,0.0152773382511789,899.5,0.312,805.78,5989.035000000001
Comoros,2001,6708.571428571428,47535.0,23.9437115,0.304375,394.7394444444444,1.65,0.014906303236795,0.014906303236795,0.014906303236795,914.8,0.46,722.59,6049.159999999999
Comoros,2002,4020.962962962963,48500.0,24.093528900000003,0.30125,382.92085714285713,1.64,0.0064661127793215,0.0047252362618119,0.0027356630989437,935.5,0.916,1043.3299999999997,6070.24
Comoros,2003,4119.444444444444,46250.0,24.827847,0.29625,364.0748571428571,1.52,0.0021847606203635,0.0019420094403231,0.0019420094403231,973.6,0.593,1048.09,6073.735000000001
Comoros,2004,5245.714285714285,46500.0,25.3868546,0.3012499999999999,419.9602777777777,1.56,0.0020969498910671,0.0019063180827883,0.0019063180827883,921.7,0.516,1155.52,6107.034999999999
Comoros,2005,6110.75,46750.0,25.2494067,0.315625,298.3608333333332,1.81,0.0022910444708092,0.001472814302663,0.0027819825716969,1128.4,0.612,916.07,6129.82
Comoros,2006,7726.25,48255.0,26.2768057,0.2925,264.605,1.5,0.0002588577900015,0.0002588577900015,0.0003882866850023,1248.9,0.418,1229.5200000000002,6027.455
Comoros,2007,7880.214285714285,48505.0,24.540683100000003,0.26625,229.18611111111107,1.48,0.0001269001024264,0.0001269001024264,0.0001269001024264,1378.9,0.751,669.9699999999999,6124.91
Comoros,2008,7969.821428571428,48505.0,24.964683,0.2643749999999999,197.41083333333333,1.48,0.0012547332571529,0.0010037866057223,0.0010037866057223,1596.4,0.383,1033.8000000000002,5990.97
Comoros,2009,8098.678571428572,48505.0,26.017286,0.26625,169.25750000000005,1.44,0.0009878154725416,0.0009878154725416,0.0009878154725416,1704.6,0.641,814.8000000000001,6138.034999999999
Comoros,2010,8249.17857142857,49037.5,26.6422722,0.266875,89.8313888888889,1.4,0.0007273451469193,0.000606120955766,0.000606120955766,1953.8,0.883,721.3599999999998,6154.93
Comoros,2011,8450.357142857143,49552.5,26.1686962,0.25625,93.61333333333332,1.4,0.0004733527746079,0.0,0.0011833819365198,1934.6,0.519,1027.67,6111.715
Comoros,2012,8522.035714285714,49673.75,26.8086604,0.255625,94.79777777777775,1.4,0.0005867142743391,0.0005867142743391,0.0005867142743391,1918.3,0.482,1121.4,6058.595
Comoros,2013,8730.857142857143,49805.0,28.2377706,0.26375,97.08083333333336,1.41,0.0003436088749263,0.0002290725832842,0.0004581451665684,1899.9,0.721,762.9200000000001,6136.505
Comoros,2014,8348.379310344828,49805.0,27.848287,0.251875,100.23216216216215,1.41,0.000119783728413,0.0,0.0,1877.5,0.841,1145.09,6099.974999999999
Comoros,2015,8357.103448275862,49788.875,28.459020700000004,0.25375,100.63216216216216,1.42,0.0001196586839195,0.000478634735678,0.000478634735678,1860.6,1.058,1011.93,6218.844999999999
Comoros,2016,8768.344827586207,49878.625,29.425013,0.2468749999999999,99.13594594594592,1.29,0.0023949788030608,0.0004561864386782,0.0023949788030608,1843.6,1.033,1002.76,6139.845
Comoros,2017,8739.379310344828,49989.25,30.325786800000003,0.26,99.62486486486486,1.34,0.0002288492041571,0.0001144246020785,0.0003432738062357,1826.6,1.283,1033.95,6201.825
Comoros,2018,9029.137931034482,50144.625,31.051899,0.2618749999999999,101.27972972972974,1.35,0.0007752678111095,0.0023258034333286,0.0050946170444341,1800.2,1.037,1021.38,6147.225000000001
Comoros,2019,9031.06896551724,50271.75,31.9047071,0.2675,102.3924324324324,1.36,0.004318425664659,0.0045398833910518,0.0039862390750699,1782.6,1.629,1312.91,6288.95
Comoros,2020,9081.413793103447,50386.25,33.5364696,0.27875,107.3335135135135,1.35,0.0168475970246145,0.0144250667334935,0.0144250667334935,1764.3,1.362,1279.86,6221.715000000001
Comoros,2021,9172.03448275862,50495.625,37.60849019999999,0.235625,107.74405405405406,0.9,0.0087221652023194,0.0076318945520295,0.0076318945520295,1761.5,0.983,1053.2700000000002,6134.990000000001
Comoros,2022,9685.310344827589,50480.5,38.721845900000005,0.23625,110.05486486486488,0.91,0.0102216652306717,0.0086729280745093,0.0082599314995327,1747.4,0.854,1071.8100000000002,6056.535
Comoros,2023,10059.379310344828,50446.625,37.2778069,0.2356249999999999,110.37999999999998,0.91,0.0105374294705222,0.0075551381109404,0.0079527769588847,1732.1,1.62,987.4,6308.075
Comoros,2024,10103.137931034482,50554.25,,,111.93162162162164,,,,,1717.7,1.813,1332.1999999999998,6415.475
Congo,1990,11580.785714285714,105770.11111111112,74.1300019,2.6637500000000003,62.45784313725491,1.07,0.0553503031499172,0.0348853704720227,0.045765461262802,624.3,-0.03,1682.22,5874.185
Congo,1991,10705.80487804878,109607.55555555556,79.96235170000001,2.58625,64.0278431372549,1.07,0.121429450172906,,0.0093407269363773,635.2,0.137,1249.3799999999997,6323.415
Congo,1992,10726.560975609756,110063.33333333331,82.09102920000001,2.540625,63.79215686274509,1.07,0.1025491769916841,,0.0839038720841052,639.2,-0.356,1674.2300000000002,6079.235000000001
Congo,1993,11291.57142857143,111296.66666666669,82.7630187,2.484375,64.93923076923078,1.07,0.0885616325704302,,0.0885616325704302,646.5,0.0,1586.03,5828.924999999999
Congo,1994,11323.690476190475,112085.55555555556,83.55308380000001,2.37375,65.30038461538462,1.07,0.0794793889759073,,0.0883104321954526,654.4,0.22,1631.42,6019.514999999999
Congo,1995,11197.093023255817,112430.0,84.36754570000001,2.409375,67.12150943396225,1.07,0.0893088945428031,,0.0893088945428031,735.6,0.417,1806.85,5719.04
Congo,1996,9513.627450980392,112996.66666666669,85.75414529999999,2.405625000000001,68.14114754098361,0.96,0.2102247549953921,0.105112377497696,0.105112377497696,746.3,-0.115,1273.5800000000002,6125.045
Congo,1997,9679.882352941177,111985.0,82.6380333,2.44125,67.98852459016393,0.96,0.2066140813573116,0.1033070406786558,0.1033070406786558,746.3,,1469.97,6161.37
Congo,1998,8985.019607843138,109862.22222222222,84.6113122,2.484375,68.7739344262295,0.96,0.2225927251459698,0.1112963625729849,0.2225927251459698,755.8,1.034,1430.01,6515.214999999999
Congo,1999,10067.70588235294,112651.66666666669,85.6332315,2.445625,69.48098360655739,0.96,0.1986549888694581,0.099327494434729,0.1986549888694581,736.4,0.578,1658.3300000000002,5923.850000000001
Congo,2000,10301.29411764706,109429.44444444444,92.130819,2.409375,70.70655737704917,0.93,0.1941503637463979,0.0970751818731989,0.1941503637463979,753.9,0.362,1431.94,6157.375
Congo,2001,10601.576923076924,110207.22222222222,99.9415328,2.22125,71.41516129032257,0.91,0.2497741627696659,0.0577272611839258,0.1287544305817953,775.0,0.3,1809.62,5732.0
Congo,2002,10806.557692307691,114625.0,97.6701374,1.855625,73.07064516129034,0.95,,,,772.0,0.7,1660.25,6129.175
Congo,2003,11154.75,116325.0,104.7156957,2.04125,75.82032258064515,1.06,,,,780.7,0.774,1532.66,6012.505000000001
Congo,2004,11625.21153846154,128007.22222222222,111.784311,2.035,78.19806451612904,1.07,0.0631386360215061,0.0026666181425976,0.0459346480047469,776.4,0.775,1383.66,6479.764999999999
Congo,2005,12002.596153846154,140208.88888888888,111.0804404,2.19,81.01161290322581,1.11,0.0007498377754812,0.0019162520928964,,770.6,0.726,1175.53,6790.45
Congo,2006,12335.903846153846,151726.44444444444,120.3152325,2.21625,82.0941935483871,1.12,0.0019455404564847,0.0001621283713737,,777.8,0.72,1184.25,6545.415
Congo,2007,12671.98076923077,164598.88888888888,124.7083087,1.95625,82.48725806451611,1.09,0.0050505127150599,0.0050505127150599,0.0037878845362949,764.1,0.676,1830.75,6029.954999999999
Congo,2008,13020.5,173060.66666666666,134.89973849999998,1.879375,86.67258064516128,1.09,0.0193540954648424,0.0050689297646015,0.0036864943742556,771.4,0.633,1688.09,5921.219999999999
Congo,2009,13496.423076923076,175102.44444444444,144.9683789,1.869375,89.75403225806451,1.07,0.0676475533403387,0.0549034359531117,0.0470495031447043,791.4,0.654,1850.2100000000005,5916.235000000001
Congo,2010,13511.634615384615,181474.44444444444,154.94296299999996,1.92125,91.55322580645166,1.13,0.0081411319304581,0.0065869158346434,0.0056987923513207,785.0,1.137,1986.69,5849.810000000001
Congo,2011,13780.71153846154,184163.88888888888,166.93636669999998,2.19375,93.80193548387092,1.55,0.0204633845801739,0.0115378657739278,0.0185766895479593,794.3,0.493,1767.1899999999998,5848.33
Congo,2012,14111.596153846154,184737.22222222225,175.54386272727274,2.118125,96.54225806451612,1.54,0.0483290474418849,0.0117633751838019,0.024377114838722,809.8,0.455,1760.22,5791.22
Congo,2013,14523.076923076924,185419.44444444444,188.6274989090909,2.061875,99.03241935483874,1.55,0.0438612288135563,0.0252012711864389,0.0417266949152513,830.9,0.653,1625.31,6013.535
Congo,2014,15524.26923076923,186308.3333333333,194.10407709090907,1.9725,99.76387096774197,1.5,0.018680428411097,0.0050888063602643,0.0429649853455232,832.8,0.586,1799.9399999999998,5807.4400000000005
Congo,2015,15261.0,186566.88888888888,205.38211518181816,1.95875,100.06032258064516,1.56,0.0417403839853193,0.0135639866325919,0.0936373763187147,833.5,0.892,1546.65,5985.36
Congo,2016,15180.153846153846,186558.44444444444,195.512131,2.1325,100.17580645161284,1.85,0.0210142797782516,0.0187086377963117,0.0388665362669857,845.6,1.345,1728.5799999999997,6136.370000000001
Congo,2017,15441.75,186460.11111111112,192.5836958181818,2.105625,100.86870967741932,1.81,0.0215649133032187,0.0249971667718992,0.035682484174395,860.4,0.999,1622.5800000000002,6201.715
Congo,2018,15640.76923076923,186427.7777777777,195.66816,2.201875,101.80709677419358,1.84,0.0321595435990733,0.0177740618698655,0.0982048886047249,870.8,1.095,1847.57,5780.425000000001
Congo,2019,16099.75,186416.22222222225,206.0738165454545,2.186875,106.9085483870968,1.84,0.0509945806611872,0.0219879190670648,0.0724855976024427,890.8,1.293,1365.61,6384.014999999999
Congo,2020,15754.884615384615,186510.3333333333,204.50904963636367,2.064375,105.23419354838708,1.8,0.1958757601427516,0.0575059749479367,0.0942564821166513,889.0,1.332,2014.21,5787.41
Congo,2021,16433.134615384617,187155.44444444444,209.5428131818182,0.8868750000000001,109.05661290322575,0.6,0.1321719836680734,0.0662076971596979,0.1278514446071005,867.5,1.167,1947.47,5717.829999999999
Congo,2022,16010.173076923076,186937.3333333333,224.2913348181818,0.945,105.99435483870964,0.67,0.1679557108521039,0.0379758542945627,0.1946887135463027,891.8,1.093,1849.76,5763.665
Congo,2023,16082.25,186846.5555555556,233.3206567272728,0.878125,106.74774193548384,0.6,0.0914673009062729,0.0621803541171128,0.1998476581324006,874.3,1.273,1754.17,6016.37
Congo,2024,16748.46153846154,186995.88888888888,,,109.06870967741936,,,,,873.7,1.446,1625.36,6394.985
Côte d'Ivoire,1990,161393.25,833525.0,1024.7785916363637,2.8156250000000003,79.61220588235294,,,,,1112.5,0.608,1316.8100000000002,6070.245
Côte d'Ivoire,1991,158410.11666666667,856174.5,1045.793671909091,2.705625,84.28999999999999,,,,,1052.8,0.491,1502.3000000000002,5827.449999999999
Côte d'Ivoire,1992,159281.06666666668,879327.75,1057.9632546363637,2.5981250000000005,91.3802941176471,,,,,1050.8,0.287,1141.36,5945.075
Côte d'Ivoire,1993,158804.7288135593,899985.0,1053.5711974545457,2.515000000000001,90.98014705882352,,,,,1235.4,0.521,1256.45,6089.165000000001
Côte d'Ivoire,1994,164230.42372881356,922021.25,1068.9224962727274,2.41875,84.75617647058823,,,,,1131.0,0.537,1102.91,6280.149999999999
Côte d'Ivoire,1995,172174.0,944061.5,1092.6821563636363,2.365625,83.38768115942027,,,,,1141.7,0.689,1401.93,6093.080000000001
Côte d'Ivoire,1996,166518.45901639343,946730.75,1123.0718943636364,2.291875,83.43671428571427,,,,,1389.0,0.749,1216.97,6270.2
Côte d'Ivoire,1997,153779.1875,969914.5,1151.7494031818185,2.215625,85.49554054054053,,,,,1286.7,0.665,1468.77,5938.27
Côte d'Ivoire,1998,152503.625,971602.75,1136.3494122727272,2.13875,86.09472972972969,,,,,1498.6,1.278,1538.9499999999998,6065.135
Côte d'Ivoire,1999,157438.3125,991408.875,1177.9548093636363,2.0631250000000003,86.9622972972973,,,,,1645.7,0.511,1634.2900000000002,5643.11
Côte d'Ivoire,2000,157375.76923076922,991408.625,1329.4430312,2.0175,88.0796,,,,,1682.3,0.469,1318.89,5814.324999999999
Côte d'Ivoire,2001,145374.42424242423,1012431.875,1362.1201002,1.331875,88.29907894736843,,,,,1719.9,0.533,1138.46,5974.195
Côte d'Ivoire,2002,151901.69696969696,1033373.625,1393.4167205999995,1.3050000000000002,87.37289473684213,,,,,1750.9,0.847,1000.38,6513.715
Côte d'Ivoire,2003,149696.48484848486,1053855.875,1423.4249907,1.2512499999999998,79.02671052631577,,,,,1827.0,1.161,1226.92,6388.339999999999
Côte d'Ivoire,2004,162054.28787878787,1074510.625,1459.8284480999998,1.2174999999999998,80.98052631578945,,,,,1853.9,0.838,1178.21,6348.07
Côte d'Ivoire,2005,171270.16666666666,1096373.875,1502.9526712,1.23125,82.61697368421049,,,,,1836.3,1.097,1176.13,6363.700000000001
Côte d'Ivoire,2006,182346.5151515152,1117803.75,1522.521019,1.19125,82.86973684210528,,,,,1827.9,0.952,1161.58,6335.985
Côte d'Ivoire,2007,189143.6212121212,1140802.0,1483.9439961818182,1.1700000000000002,83.44223684210523,,,,,1569.4,1.018,1082.7,6318.804999999999
Côte d'Ivoire,2008,183175.39393939395,1164838.75,1542.1351682727277,1.1331250000000002,83.52644736842103,,,,,1735.0,0.715,1258.9699999999998,6200.804999999999
Côte d'Ivoire,2009,187332.34848484848,1191040.75,1682.0024766363638,1.096875,82.94539473684212,,,,,1711.5,0.909,1375.2399999999998,6074.6900000000005
Côte d'Ivoire,2010,193280.2575757576,1204371.75,1677.2394556363638,1.08125,85.69710526315792,,,,,2270.5,1.269,1587.2200000000005,6057.68
Côte d'Ivoire,2011,198427.2272727273,1208161.125,1709.8114554545457,1.0550000000000002,86.51565789473682,,,,,1882.8,0.984,1283.52,5824.550000000001
Côte d'Ivoire,2012,221963.5757575757,1215382.125,1775.5077479090908,1.059375,91.22565789473688,,,,,2079.8,0.657,1368.3000000000002,5940.745
Côte d'Ivoire,2013,244854.19696969696,1232364.875,1881.084711909091,1.0606250000000002,93.9478947368421,,,,,2176.6,0.903,1278.67,6091.525000000001
Côte d'Ivoire,2014,266474.8787878788,1243500.0,1955.1460031818176,1.0225,96.04934210526316,,,,,2206.9,0.8,1753.6799999999998,5975.125
Côte d'Ivoire,2015,304322.92424242425,1256987.625,1995.5619342727275,0.999375,101.41986842105264,,,,,2200.3,1.241,1330.9,5732.31
Côte d'Ivoire,2016,293613.7727272727,1439187.875,2118.7905809090907,0.811875,102.53105263157894,,,,,2219.8,1.451,1533.7000000000005,6166.174999999999
Côte d'Ivoire,2017,314659.1666666667,1615996.25,2172.4458635454544,0.7749999999999999,106.1472368421053,,,,,2247.4,1.498,1347.26,6065.279999999999
Côte d'Ivoire,2018,337222.2727272727,1768344.5,2146.3147107272725,0.73875,110.25355263157893,,,,,2254.4,1.273,1537.6799999999998,5934.815
Côte d'Ivoire,2019,329704.5606060606,1887217.25,2243.929146272727,0.7256250000000001,114.82342105263156,,,,,2233.6,1.312,1695.9600000000005,5997.2
Côte d'Ivoire,2020,337867.8939393939,1995066.75,2298.387699545455,0.72,117.9838157894737,,,,,2206.1,1.324,1525.69,5760.679999999999
Côte d'Ivoire,2021,344354.4090909091,2117082.375,2544.0491766363634,0.72875,120.72460526315794,,,,,2214.6,1.421,1731.86,6019.68
Côte d'Ivoire,2022,354162.2878787879,2295280.25,2622.2498448181823,0.7200000000000001,127.7175,,,,,2199.8,1.145,1675.4,5648.015
Côte d'Ivoire,2023,348040.95454545453,2412969.75,2632.9222130000003,0.7043749999999999,132.89592105263156,,,,,2460.8,1.602,1457.34,5940.089999999999
Côte d'Ivoire,2024,363979.42424242425,2590130.25,,,138.31315789473686,,,,,2541.6,1.725,1124.87,6515.205000000001
Democratic Republic of the Congo,1990,228590.44444444444,1372834.0,1971.968019636364,4.525625000000001,102.2608450704225,16.38,0.017498544218335,0.0021873180272918,0.0074368812927924,799.8,0.127,2177.38,5160.125
Democratic Republic of the Congo,1991,233565.44444444444,1347597.8,1990.779509,4.367500000000001,90.30577464788732,16.36,0.0171258210285101,0.0077066194628295,0.010275492617106,802.4,0.236,1790.66,5319.88
Democratic Republic of the Congo,1992,240209.87301587305,1399889.6,2013.4039982727272,4.224375000000001,93.23154929577464,16.35,0.0041630262213823,0.0008326052442764,0.0045793288435205,782.2,-0.297,1681.5800000000002,5429.395
Democratic Republic of the Congo,1993,247661.79365079364,1739093.0,1924.568104272728,4.078124999999999,96.66746478873236,16.35,0.0121132935192661,0.0004037764506422,0.004037764506422,790.6,0.002,2088.89,5196.375
Democratic Republic of the Congo,1994,248964.625,1775447.875,1942.7148188181816,3.883750000000001,98.03694444444444,16.34,0.0139296898103495,0.0139296898103495,0.0139296898103495,793.4,0.208,2030.14,5229.659999999999
Democratic Republic of the Congo,1995,209632.703125,1751790.25,1963.5554293636364,3.7287500000000007,89.60875000000004,16.46,0.0143107442459068,0.0143107442459068,0.0143107442459068,765.8,0.299,2049.26,5259.8
Democratic Republic of the Congo,1996,211092.375,1732534.375,1976.2377674545453,3.5825,87.54319444444445,16.12,0.0094745250746266,0.0094745250746266,0.0094745250746266,780.9,-0.134,2102.96,5125.06
Democratic Republic of the Congo,1997,203829.78125,1815326.75,1989.9187689090909,3.5737500000000004,82.78569444444443,16.43,,,,801.7,0.658,2201.47,5196.775
Democratic Republic of the Congo,1998,208247.0625,1777486.375,1866.8125905454544,3.4937500000000004,81.03638888888888,16.51,0.0082258063063914,0.001301338884432,0.004657928848336,811.0,0.869,1372.0300000000002,5972.789999999999
Democratic Republic of the Congo,1999,204953.140625,1640246.0,1878.7714325454544,3.309375,78.57291666666667,16.25,0.0015369366824017,0.0013027368069881,0.0007806662513786,787.3,0.292,1273.84,6248.74
Democratic Republic of the Congo,2000,201251.0,1606106.75,1957.5685207272727,3.189375,78.87208333333336,16.11,0.0014906758227288,0.0014906758227288,0.0009937838818192,786.6,0.42,1746.7000000000005,5882.29
Democratic Republic of the Congo,2001,197016.984375,1572827.25,1985.444363,3.0475,77.24416666666669,15.96,0.006583188774889,0.0004111320668974,0.0029794385588742,786.6,0.325,1703.8900000000003,5624.34
Democratic Republic of the Congo,2002,194048.59375,1539537.25,2024.930790636364,3.0587500000000007,76.35083333333333,16.51,,,,772.0,0.799,1790.87,5617.465
Democratic Republic of the Congo,2003,194927.078125,1541166.375,2066.627648090909,3.02125,77.4136111111111,16.76,0.0055148828492193,0.0018930156012669,0.0020520494322676,771.5,0.865,1400.9599999999998,6162.14
Democratic Republic of the Congo,2004,197060.375,1542799.125,2114.1547815454546,2.9600000000000004,79.19305555555556,16.9,0.0040342965956499,0.0015934202906088,0.0014513318570514,771.7,0.847,1610.4000000000003,6196.44
Democratic Republic of the Congo,2005,198262.859375,1544434.75,2174.007918090909,2.869375,80.59124999999999,16.87,0.0018964721944659,0.0002017523611133,0.0001916647430577,771.7,0.91,1420.55,6081.465000000002
Democratic Republic of the Congo,2006,201575.640625,1546073.25,2209.560372545455,2.7900000000000005,81.01652777777775,16.89,0.0080714117785033,0.0012154246378201,0.0058340382615365,771.6,0.779,1198.72,6486.675
Democratic Republic of the Congo,2007,201817.703125,1547713.25,2242.8774598181817,2.6537500000000005,83.2648611111111,16.5,0.0145824670206318,0.002318924419183,0.0041720819678464,771.6,0.628,1686.5700000000004,6125.1900000000005
Democratic Republic of the Congo,2008,202996.109375,1550878.25,2281.319929636364,2.608125,84.21250000000003,16.67,0.021251638828361,0.0043892466842998,0.0056257235841419,771.6,0.474,1387.09,5655.44
Democratic Republic of the Congo,2009,205384.47692307693,1551014.25,2310.1240266363643,2.525625,86.25315068493151,15.91,0.0142659272204752,0.0033595528266648,0.0087299684321884,771.6,0.778,1683.82,5751.120000000001
Democratic Republic of the Congo,2010,318801.92307692306,1553696.125,2338.4563935454544,2.470625,93.14191780821918,15.17,0.0146674146594521,0.0025658565422223,0.0063174022934423,784.9,1.199,1372.5900000000004,5933.955
Democratic Republic of the Congo,2011,336365.8615384615,1555562.5,2383.5969951818183,3.351875,96.162602739726,20.7,0.0104469579163823,0.0028778187999596,0.0077029220151811,771.1,0.675,1722.47,5886.049999999999
Democratic Republic of the Congo,2012,341019.6153846154,1593970.25,2413.418068181818,3.241875000000001,97.25095890410957,19.75,0.0101020581942612,0.00356284490741,0.0016890524005499,771.6,0.316,1661.55,5467.755
Democratic Republic of the Congo,2013,361566.9846153846,1609606.125,2487.1509619090907,3.1456250000000003,97.60068493150683,19.44,0.01959249683025,0.0035235518014876,0.005265967527498,772.1,0.793,1379.57,5647.095
Democratic Republic of the Congo,2014,384060.8615384615,1614434.625,2572.479396,3.030625,99.5606849315069,18.84,0.0395275892971449,0.0044524193200789,0.0085767656376256,769.0,0.71,1511.92,5910.31
Democratic Republic of the Congo,2015,386717.95384615386,1631498.125,2573.112653,2.943125,98.9857534246575,18.8,0.0471790870285227,0.0050527780791303,0.0087893514283337,768.9,0.782,1677.54,5651.335
Democratic Republic of the Congo,2016,392879.2615384616,1641528.75,2409.6144420833334,1.080625,101.45328767123284,6.62,0.0287951060478473,0.0038459652822679,0.0121869502127723,785.5,1.276,1361.61,6030.6
Democratic Republic of the Congo,2017,406713.7384615385,1651257.375,2474.791303583333,1.053125,103.44246575342464,6.53,0.0394478929103526,0.0037716945727051,0.0088415995328863,794.1,1.044,1676.9400000000005,5936.549999999999
Democratic Republic of the Congo,2018,412824.8615384615,1668909.75,2567.9362090833333,0.990625,109.57575342465748,6.28,0.0476981931917039,0.0042366634448372,0.0105516900890286,812.4,1.206,1802.07,5393.365
Democratic Republic of the Congo,2019,417801.5384615384,1688208.25,2640.259377083333,0.980625,111.48246575342463,6.35,0.0655694091048011,0.003683567096634,0.0096576954093036,836.2,1.319,1613.9500000000005,5347.789999999999
Democratic Republic of the Congo,2020,427815.7230769231,1723892.25,2708.9662275,0.9499999999999996,114.33027397260275,6.33,0.0553719714404712,0.0041396328009234,0.0073279214177836,876.7,1.409,1447.2,6002.005
Democratic Republic of the Congo,2021,430232.4923076923,1763083.125,2779.601631833333,0.9162499999999998,114.4071232876712,6.27,0.0550609273440419,0.0041163790082442,0.0072867578717367,897.4,1.35,1790.5300000000002,5518.585000000001
Democratic Republic of the Congo,2022,448573.1692307692,1806446.0,2851.650994083333,0.8781249999999998,116.98328767123289,6.02,0.0490666885800226,0.0071426474425439,0.0104040997547917,850.4,1.241,1418.24,5574.52
Democratic Republic of the Congo,2023,458635.9692307692,1854135.0,2887.52464675,0.8406249999999998,118.57876712328768,5.88,0.0703935194052677,0.0104810793799325,0.0096896019896859,863.2,1.321,833.6800000000001,6718.81
Democratic Republic of the Congo,2024,470140.3538461538,1906728.875,,,121.36698630136988,,,,,871.8,1.437,1078.62,6704.745
Djibouti,1990,3294.428571428572,331471.4285714286,18.9511719,0.7175,67.05230769230769,0.44,,,,1666.7,0.479,269.36,6706.2300000000005
Djibouti,1991,812.4333333333333,342328.5714285714,20.7689244,0.6675000000000001,70.62410256410256,0.43,,,,1643.3,0.405,466.6600000000001,6612.715
Djibouti,1992,822.5666666666667,343014.28571428574,22.528627900000004,0.679375,72.13000000000001,0.42,,,,1647.3,0.369,464.11,6476.724999999999
Djibouti,1993,819.3333333333334,343442.8571428572,22.7729455,0.7106249999999998,74.09384615384617,0.42,,,,1651.9,0.223,556.26,6435.135000000001
Djibouti,1994,825.3666666666667,348454.28571428574,23.5448176,0.7106250000000001,76.01025641025642,0.44,,,,1657.5,0.189,828.15,6217.469999999999
Djibouti,1995,824.6666666666666,356665.71428571426,24.7840029,0.7475,77.78076923076924,0.45,,,,1666.7,0.562,947.47,6137.889999999999
Djibouti,1996,829.6,364338.5714285714,25.2769315,0.7518750000000001,78.77589743589745,0.46,,,,1683.3,0.67,722.08,6272.224999999999
Djibouti,1997,841.9666666666667,366200.0,27.3809276,0.7393750000000001,79.8751282051282,0.46,,,,1704.7,0.56,622.1199999999999,6552.729999999999
Djibouti,1998,848.8,368305.7142857143,29.1330227,0.736875,80.78102564102566,0.47,,,,1726.0,0.86,495.2100000000001,6649.845000000001
Djibouti,1999,883.7333333333333,374912.8571428572,30.87624090000001,0.7381249999999999,83.69435897435896,0.47,,,,1769.4,0.282,569.9799999999999,6313.265
Djibouti,2000,913.1,375165.7142857143,33.9084663,0.713125,88.50641025641026,0.46,,,,1833.3,0.695,219.2,6634.48
Djibouti,2001,948.7666666666668,375385.7142857143,36.4547882,0.691875,103.74435897435896,0.44,,,,1714.3,0.654,340.8400000000001,6597.195
Djibouti,2002,975.3333333333334,375394.5714285714,36.8213492,0.6799999999999999,102.79769230769227,0.43,0.0071770334928156,0.0041011619958946,0.0010252904989736,1666.7,1.215,268.73999999999995,6952.92
Djibouti,2003,727.1666666666666,375542.8571428572,36.0369078,0.673125,103.75615384615384,0.43,0.0137520055007832,0.0082512033004699,0.0041256016502349,1666.7,1.254,699.44,6623.839999999999
Djibouti,2004,852.9,376685.7142857143,37.6846331,0.6687500000000001,90.37717948717948,0.44,0.0128971743463326,0.0058623519756057,0.0023449407902422,1658.7,0.75,376.53,6755.145
Djibouti,2005,861.2333333333333,376971.4285714286,38.906001,0.6643749999999999,98.02256410256408,0.44,0.0116112551766711,0.0069667531060026,0.0023222510353342,1500.0,0.965,593.3699999999999,6548.62
Djibouti,2006,726.9333333333333,375312.8571428572,47.6094386,0.654375,94.68769230769232,0.43,0.0178833455612373,0.0110051357299921,0.004126925898747,1666.7,0.639,609.5700000000002,6663.5
Djibouti,2007,821.3666666666667,375312.8571428572,49.8048658,0.653125,95.47128205128205,0.43,0.0182622458503896,0.0121748305669264,0.0036524491700779,1738.2,0.641,308.69000000000005,6770.079999999999
Djibouti,2008,828.1,375312.8571428572,51.0913857,0.655,97.81076923076922,0.43,0.0169061707523041,0.0108682526264812,0.0036227508754937,1780.6,0.074,300.58,6663.825
Djibouti,2009,843.6333333333333,375485.7142857143,52.10278260000001,0.6262499999999999,98.74153846153844,0.43,0.0177802362795632,0.0106681417677379,0.0023706981706084,1816.7,1.137,288.45,6948.735
Djibouti,2010,784.0333333333333,375485.7142857143,54.73389,0.6281249999999999,100.32,0.43,0.0255091195101923,0.0153054717061154,0.0038263679265288,1848.3,0.794,517.97,6611.534999999999
Djibouti,2011,800.9,375200.0,55.1244248,0.6068749999999999,102.7051282051282,0.43,0.0312148832562976,0.0187289299537785,0.0049943813210076,1879.3,0.664,172.33,6927.8150000000005
Djibouti,2012,946.6333333333332,377628.5714285714,57.7474727,0.609375,105.95692307692308,0.43,0.0274657558364441,0.0190147540406151,0.0031691256734358,2000.0,,194.16,6940.335000000001
Djibouti,2013,946.3666666666668,377628.5714285714,60.6104485,0.61375,104.92717948717949,0.43,0.029586840900254,0.0158500933394218,0.0042266915571791,2000.0,0.993,467.7600000000001,6778.974999999999
Djibouti,2014,898.7666666666667,378485.7142857143,62.8185285,0.57625,100.71615384615386,0.44,0.0344917108629961,0.0178021733486431,0.0044505433371607,1986.4,0.859,348.72,6902.875000000001
Djibouti,2015,882.3,379093.1428571429,64.96430269999999,0.575625,93.97846153846152,0.44,0.0328686387849565,0.0181344213985967,0.0045336053496491,2007.6,1.37,206.53000000000003,7035.25
Djibouti,2016,918.6,379898.0,68.2502064,0.5675,105.30615384615386,0.44,0.0381014587415217,0.0195950359242111,0.0043544524276024,1998.2,1.187,302.53,6851.039999999999
Djibouti,2017,1840.9,380670.5714285714,73.11055,0.565,113.81410256410254,0.45,0.0217285023629628,0.0103210386224073,0.0032592753544444,1998.7,1.385,256.25,6918.645
Djibouti,2018,2395.9333333333334,381303.28571428574,75.8670267,0.566875,117.09102564102562,0.45,0.0137733381563146,0.0075127299034443,0.0020868694176234,1998.2,0.887,163.21,6831.36
Djibouti,2019,3436.133333333333,381921.4285714286,78.9757169,0.565625,123.8646153846154,0.45,0.0104768926312491,0.0046563967249996,0.0020371735671873,2002.6,0.917,589.84,6865.834999999999
Djibouti,2020,3863.5666666666666,382559.4285714286,81.53081360000002,0.55125,126.51871794871796,0.45,0.0165650047020413,0.0075060177556124,0.0020706255877551,2007.1,1.005,254.41,6944.445
Djibouti,2021,3001.233333333333,383621.1428571429,86.38276690000001,0.5606249999999999,122.3351282051282,0.45,0.0189921920987975,0.008996301520483,0.0023323744682733,2021.1,0.647,485.78,6731.42
Djibouti,2022,2494.866666666667,383978.8571428572,86.4580839,0.565625,120.22589743589744,0.45,0.0208427972102634,0.0104213986051317,0.00280576116292,2027.4,1.1,420.7000000000001,6790.039999999998
Djibouti,2023,1937.8333333333333,384651.8571428572,90.3576287,0.5643750000000001,117.68,0.45,0.0268340930592447,0.0134170465296223,0.0036122817579752,2034.2,0.366,321.51,7130.579999999998
Djibouti,2024,1515.8,385324.7142857143,,,115.22435897435898,,,,,2041.0,1.603,382.01,7163.259999999999
Egypt,1990,104649.89411764704,1492769.7777777778,4313.952734166666,0.5825,116.7364485981309,8.27,7.120370319365086,1.7591991043300403,0.2838034405138631,5702.9,-0.081,0.8700000000000001,4465.42
Egypt,1991,105736.1046511628,1615847.105263158,4471.688841666667,0.606875,108.43710280373836,8.83,7.329568292276501,1.4186261210857742,0.3631682869979582,5613.0,0.428,3.1000000000000005,4420.56
Egypt,1992,107516.31395348837,1643281.3684210526,4678.058273166666,0.5975,116.99364485981307,7.94,6.917480451587434,0.9672950659840284,0.2762371486512081,5898.5,-0.588,1.7999999999999998,4267.88
Egypt,1993,109013.32558139534,1633109.5263157894,4830.3652205,0.6325,123.89242990654212,8.23,7.792973890753204,0.9989604428560276,0.2724437571425529,5995.1,0.033,0.31,4540.31
Egypt,1994,107215.05813953489,1705532.894736842,5165.658072166668,0.598125,113.56682242990652,8.09,6.722339310416569,0.972811112635484,0.169752274688071,5861.1,0.632,1.82,4387.595
Egypt,1995,113583.6511627907,1658299.894736842,5408.185971416667,0.6331249999999999,120.9704672897196,7.95,8.539961429922386,1.188551333030435,0.1884073964951949,5903.7,0.158,1.76,4439.025
Egypt,1996,114220.97674418605,1688178.4736842106,5882.1679782500005,0.6287499999999999,121.19803738317758,8.46,8.777722171343841,1.0672295358934911,0.288913656148361,6499.1,0.394,3.03,4589.329999999999
Egypt,1997,117034.24418604652,1708186.3157894737,6361.352053583333,0.656875,109.19859813084108,8.38,7.818224540720225,1.1492362849473992,0.2498670385183404,6605.5,0.068,3.08,4479.439999999999
Egypt,1998,115332.32558139534,1725104.6315789474,6667.909257416667,0.676875,107.9618691588785,8.22,8.791984336467442,1.1150386446446874,0.2473547624760781,6797.4,0.773,0.9000000000000001,4739.325
Egypt,1999,116971.32558139534,1772434.105263158,7132.259493500001,0.689375,111.48355140186914,8.19,8.415737746897548,1.2832204752227976,0.38470966945387,7166.6,0.839,0.5900000000000001,4626.17
Egypt,2000,114727.5632183908,1833775.7368421047,7364.190272583332,0.723125,110.15583333333336,8.98,9.3562171974025,1.340907064391814,0.283070598633562,7280.1,0.083,0.31,4287.325000000001
Egypt,2001,115814.11494252871,1897708.5263157887,7847.265990750001,0.6725,108.60148148148146,8.86,9.489344200794138,1.3489806495307268,0.4586401236702294,7099.4,0.687,0.31,4567.2
Egypt,2002,117805.091954023,1999454.0,8391.31524325,0.6825,110.8742592592593,9.23,9.772922213322662,1.1850082002778108,0.3658585489396393,7445.6,0.816,1.15,4762.365
Egypt,2003,116325.10344827586,2030233.0526315789,8730.842848916667,0.7306250000000001,109.56514018691584,9.52,10.236827345951864,1.237050264597307,0.4590582635823224,7515.4,0.716,,4804.910000000001
Egypt,2004,120346.2643678161,2067830.5789473683,9308.803878666668,0.74125,114.78472222222224,10.5,11.407915378278576,1.5953964255440942,0.3323742553216863,7556.2,0.637,0.6,4837.795
Egypt,2005,125275.8275862069,2098570.5263157897,9792.683744583332,0.775625,110.57916666666668,11.29,10.44894314586921,1.4448118482829084,0.3831545233015447,7536.9,0.511,1.46,4847.209999999999
Egypt,2006,125884.52873563218,2137174.8947368423,10281.559763583336,0.7937500000000001,114.84898148148147,11.45,9.84235324582254,1.9065091033070287,0.3892456085918518,7500.2,0.712,0.31,4584.16
Egypt,2007,126638.94252873564,2224640.8947368423,10776.512156083334,0.8087500000000001,115.21750000000009,11.7,8.844041000625474,1.337661201344603,0.4106161893147542,7418.5,0.558,0.93,4776.805
Egypt,2008,126303.42528735632,2219443.5263157897,10250.79003675,0.811875,109.03657407407408,11.96,9.018757784346654,1.4283064737917095,0.4354592907901554,7452.2,0.87,1.55,4656.445000000001
Egypt,2009,128089.05747126436,2107633.4736842103,10717.338268166668,0.8118749999999999,108.890462962963,11.05,9.315393707754266,1.171060221390496,0.3903534071301653,7158.3,0.853,0.28,4758.290000000001
Egypt,2010,125792.33333333331,2075278.2631578948,11850.4177095,0.7918749999999999,104.54629629629628,10.71,9.21121318999296,1.1948263937653765,0.4054301136529221,6504.3,2.273,0.31,5254.91
Egypt,2011,130034.03448275862,2087584.7894736845,12290.95948125,0.815625,107.0969444444444,11.5,9.282185274040916,1.1535441517035103,0.438346777647334,7246.3,0.614,1.54,4479.160000000001
Egypt,2012,132592.75862068965,2130280.210526316,12486.919336916666,0.7862499999999999,105.16851851851855,11.36,8.196526049427925,1.229328069614236,0.452513399858001,7269.0,0.941,1.83,4637.949999999999
Egypt,2013,132079.1379310345,2084181.3684210528,13970.657166333332,0.7749999999999999,99.29712962962964,9.86,8.359382240793401,2.1146413004742293,0.5307424101798908,7285.3,1.041,1.86,4948.709999999999
Egypt,2014,135661.3448275862,2084788.631578948,14603.3911685,0.79125,99.68518518518516,9.96,8.289760074465285,1.8664122806816736,0.4887169597519548,7085.0,1.247,,4944.125
Egypt,2015,134180.06896551725,2059243.0526315789,13666.711255999997,0.769375,100.29906542056074,9.77,9.08704257942614,2.480249135104584,0.5954684672321401,7117.3,1.198,0.5900000000000001,4750.080000000001
Egypt,2016,131365.43023255814,2075707.0526315789,14207.946146999995,0.7924999999999999,100.0185981308411,10.14,9.747617754024803,1.7234366727928274,0.5793000477011226,7251.5,1.392,30.17,4666.9
Egypt,2017,131186.2093023256,1949067.631578948,14801.046160666669,0.8225,105.83915887850468,9.49,10.023157212887623,2.00554617287302,0.7165387314711663,7400.6,0.61,7.8,4631.740000000001
Egypt,2018,120163.76744186046,1845769.5263157887,15008.395930500004,0.7743749999999999,104.99915887850466,8.94,11.10318050443552,1.848310890447556,0.6308057879150146,6776.0,2.057,1.45,4976.245
Egypt,2019,143628.37209302327,892820.4736842106,14795.993089833331,0.7575,103.48308411214954,7.33,8.726688061243264,1.9439056220672728,0.6412382084254864,6043.8,0.992,6.2,4706.344999999999
Egypt,2020,136259.43023255814,847613.5789473684,14069.495657833331,0.69625,106.99682242990656,7.27,9.892159373479604,1.629245033691277,0.9900232209232128,7164.2,1.0,36.96,4724.879999999999
Egypt,2021,135119.7011494253,927971.5263157894,14277.0097255,0.734375,110.70411214953268,7.38,9.854225465815082,1.6711108600683784,0.8148330633017203,7335.7,1.688,12.0,4833.895
Egypt,2022,140227.5287356322,1002464.6315789474,14247.149812916665,0.751875,119.2720560747664,7.53,9.103062797366611,1.70936478850668,0.9769836296429502,7077.6,0.613,2.1,4693.330000000001
Egypt,2023,143273.80681818182,926540.105263158,14100.586748583337,0.7418750000000001,127.20196261682244,7.72,8.909514085989931,1.673020388885066,0.9562110691583396,7356.3,1.868,6.8,4990.870000000001
Egypt,2024,142517.27272727274,906246.2631578948,,,122.6422429906542,,,,,7360.4,2.013,4.9,4918.435
Eritrea,1993,38603.48275862069,1084327.5,36.28945785714286,1.1593749999999998,1501.5220930232558,0.53,0.0181330789342747,,,256.6,,891.43,5549.1
Eritrea,1994,37623.379310344826,1105040.0,48.58758522222222,1.151875,1541.2660465116282,0.53,0.0292371397828561,0.0053158435968829,,767.0,,742.16,5683.61
Eritrea,1995,36034.89655172414,1125795.0,53.91619666666666,1.108125,1498.8506976744186,0.54,0.0392397407876645,0.0055501755003768,,416.0,,775.97,5683.160000000001
Eritrea,1996,36774.75862068965,1213080.25,57.61307533333333,1.171875,1468.0699999999997,0.61,0.1031413975852974,0.0326310775381906,,264.9,0.08,850.81,5710.565
Eritrea,1997,40099.55172413793,1334588.5,58.58972633333334,1.2712499999999998,1524.4041860465113,0.67,0.1246896732012623,0.0249379346402524,,265.5,0.27,569.04,5926.635
Eritrea,1998,47462.0,1491631.25,51.42006677777778,1.264375,1632.2623255813958,0.7,0.1053474358434093,0.0316042307530228,,959.7,0.429,654.1700000000001,5885.350000000001
Eritrea,1999,44214.27586206896,1490556.25,53.775014444444444,1.274375,1500.8697674418604,0.71,0.1216801563545527,0.1248465544753032,,746.6,0.798,928.53,5563.265000000001
Eritrea,2000,37427.68965517241,1540758.75,57.1465561111111,1.293125,1053.6013953488373,0.73,0.1442782081862643,0.1469500268563803,,377.2,0.531,218.43,6161.435
Eritrea,2001,39113.51724137931,1491005.0,66.22777155555555,1.1887500000000002,766.9355813953488,0.68,0.0944430534641849,0.0453551642786854,,637.1,0.467,331.13000000000005,6264.2
Eritrea,2002,37146.03448275862,1441208.75,65.6960978888889,1.135625,603.7241860465118,0.67,0.0763203943429221,0.0180369185925071,,158.2,1.046,295.26,6530.93
Eritrea,2003,43744.137931034486,1498278.0,66.76615011111112,1.125625,454.8120930232558,0.68,0.0156363808352642,0.0032918696495293,,261.0,0.628,247.8,6420.685
Eritrea,2004,44608.93103448276,1511620.0,68.462356,1.0956249999999998,630.2499999999999,0.7,6.725110713101215e-05,,,275.3,1.086,219.76,6366.750000000001
Eritrea,2005,50387.96551724138,1516860.0,66.32265622222221,1.08625,697.0030232558139,0.71,0.0284988684353332,,,758.2,0.75,354.25000000000006,6297.450000000001
Eritrea,2006,46958.89655172414,1499536.25,101.01957266666666,1.031875,512.4002325581395,0.68,0.0001490665350768,4.259043859339846e-05,4.259043859339846e-05,798.5,0.882,668.01,6137.895
Eritrea,2007,48716.65517241379,1537958.0,105.9154247777778,1.075625,156.94581395348834,0.72,0.0135477281365925,0.0344440724442458,,938.5,0.233,702.12,5784.685
Eritrea,2008,40428.89655172414,1546203.5,110.60512355555556,1.03875,86.39511627906973,0.72,,,,252.2,1.046,382.01,6240.56
Eritrea,2009,43566.27586206896,1554272.0,117.44180633333332,1.025,116.3237209302326,0.72,0.0123949084312285,0.0316758771020285,,500.1,1.711,424.19000000000005,6235.585
Eritrea,2010,45830.72413793104,1562970.0,124.113653,0.9862499999999998,108.45325581395343,0.71,0.0061094387066046,,0.0001745553916172,511.7,1.6,589.59,5983.130000000001
Eritrea,2011,47152.96551724138,1570575.0,133.63613022222222,1.009375,102.88767441860467,0.73,0.0119822792437815,,4.2415147765598375e-05,649.1,1.464,246.26,6201.275000000001
Eritrea,2012,45043.206896551725,1576587.5,58.435137000000005,0.995,104.51372093023257,0.73,0.0136979589711944,0.0012876525451041,6.66027178502159e-05,689.4,1.454,231.81,6343.704999999999
Eritrea,2013,44964.06896551724,1591600.0,58.31480255555555,0.99125,103.54418604651164,0.74,0.018236783700088,0.0,0.0,669.8,1.118,480.35,6187.465000000001
Eritrea,2014,45935.379310344826,1597850.0,57.51906577777777,0.988125,101.10534883720932,0.74,0.0205070691511158,0.0011537947611562,0.000239466837221,666.4,0.884,794.16,5843.9800000000005
Eritrea,2015,47337.41379310345,1608714.125,57.30447066666667,0.989375,99.36441860465116,0.74,0.0214206886001809,0.0,2.1124939447910187e-05,642.4,1.754,670.4500000000003,6180.94
Eritrea,2016,47252.03448275862,1622123.125,58.09776488888888,0.9925,99.53069767441862,0.75,0.0406966603882765,0.0,2.1163109926300847e-05,639.7,0.995,1206.41,5824.19
Eritrea,2017,47640.65517241379,1635103.875,59.39356733333333,0.9875,102.52837209302328,0.75,0.0372371033433476,0.0,0.0,642.2,1.371,616.8000000000001,5912.865
Eritrea,2018,47541.65517241379,1648328.875,62.253385,0.986875,101.66511627906978,0.76,0.0978089631742161,0.0008413674251545,2.103418562886369e-05,638.9,0.946,278.05999999999995,6167.065
Eritrea,2019,47884.10344827586,1658954.75,63.40668011111112,0.9781249999999998,102.12511627906976,0.76,0.0862708018426657,0.0,0.0,638.5,0.753,419.2099999999999,6296.464999999999
Eritrea,2020,47919.93103448276,1668410.75,64.13207922222222,0.9725,102.08581395348838,0.77,0.072829821008894,0.0,0.0,638.6,,1053.42,5670.504999999999
Eritrea,2021,47851.34482758621,1693899.375,65.19220088888889,0.9549999999999998,102.42348837209305,0.76,0.043258972291341,0.0,4.179610849404931e-05,637.7,1.242,1689.9199999999998,5448.81
Eritrea,2022,47723.41379310345,1693844.375,66.89387144444444,0.9449999999999998,102.19372093023256,0.77,0.0570789007636664,0.0,0.0,638.2,0.295,1152.06,5557.159999999999
Eritrea,2023,47778.79310344828,1701306.0,67.57003933333334,0.933125,102.40162790697671,0.77,0.0270412858106858,0.0,2.092978777916865e-05,638.2,,1105.24,5769.745000000001
Eritrea,2024,47808.58620689655,1701546.5,,,102.56651162790696,,,,,638.0,,963.4199999999998,5937.174999999999
Eswatini,1990,14346.967741935485,192364.45454545456,86.30488836363635,1.240625,16047.066923076916,1.25,0.5277770283031227,0.2046425455755372,0.2013665920189806,1284.0,0.307,795.73,4086.8850000000007
Eswatini,1991,12405.645161290322,203611.7272727273,82.22319154545454,1.1949999999999998,15266.295641025636,1.29,0.4836507833322109,0.2015211597217545,0.2418253916661054,1050.4,0.551,942.66,3980.74
Eswatini,1992,11720.16129032258,220643.36363636365,66.01147200000001,1.156875,18044.918205128204,1.33,0.5716644877175595,0.2133076446707311,0.2730337851785359,1554.3,1.169,634.49,4519.35
Eswatini,1993,10689.78125,196413.7272727273,64.44943963636364,0.991875,16350.297,1.16,0.5893478877315109,0.2151587526638849,0.2806418513007195,1381.2,0.758,930.43,3963.37
Eswatini,1994,10953.8125,200949.45454545456,89.02100136363637,1.091875,16349.277749999994,1.17,0.1460678644992192,0.2099725552176276,0.091292415312012,1271.9,0.022,616.62,3941.815
Eswatini,1995,10433.4375,204597.9090909091,160.56661772727273,1.1375,15102.050749999991,1.19,0.1534489471950013,0.2390391469733499,0.0958456884415998,2169.6,0.599,983.74,4146.9
Eswatini,1996,11152.65625,208278.0,142.33597954545456,1.0699999999999998,16366.274499999996,1.2,0.1362904016699935,0.1527887134510979,0.0896647379407852,1756.6,-0.038,1052.8,3721.68
Eswatini,1997,11473.526315789471,195555.7272727273,184.3657653636364,1.1324999999999998,3866.6373333333313,1.19,0.1394514603411852,0.1568828928838333,0.1568828928838333,1906.0,0.241,897.45,4123.95
Eswatini,1998,11174.236842105263,186268.9090909091,177.62254627272728,1.11375,4992.74777777778,1.17,0.1789831402591798,0.1700339832462208,0.1700339832462208,1897.7,0.95,756.6499999999999,4469.215000000001
Eswatini,1999,11880.692307692309,180729.54545454544,196.0090822727273,1.111875,111.01869565217396,1.13,0.1430893045600692,0.1599233403906656,0.1599233403906656,1633.7,0.477,839.3000000000001,4402.155
Eswatini,2000,10682.46153846154,192993.36363636365,117.74703541666668,1.039375,95.55239130434782,1.13,0.1872227662883631,0.1778616279739449,0.1778616279739449,1632.7,-0.138,1000.49,3816.619999999999
Eswatini,2001,8485.846153846154,177628.0,140.05734625,0.9643749999999998,21265.221086956524,1.04,0.235686573117199,0.2946082163964988,0.2946082163964988,1417.6,0.422,665.54,4425.435
Eswatini,2002,9331.846153846154,167668.72727272726,136.21178633333332,0.99,22021.78543478261,1.1,0.6512109072324013,0.3052986464875944,0.1853866824933444,996.5,0.397,584.97,4469.47
Eswatini,2003,8740.794871794871,168205.63636363635,118.04838491666663,0.9924999999999998,24071.21369565216,1.15,0.5451449290241712,0.2598161875789911,0.1662320213792488,1023.9,0.534,395.3,4558.345
Eswatini,2004,8053.897435897436,183572.18181818185,123.81417575,1.00625,17101.77760869566,1.18,0.6141126131001269,0.3261774837472772,0.2095879682395904,1246.5,0.444,842.6300000000001,4272.49
Eswatini,2005,8431.02564102564,180177.0909090909,124.9128035,1.000625,19350.078913043475,1.17,0.4796569447400666,0.2200206806362075,0.1611903530914318,1317.1,0.95,655.47,4766.965
Eswatini,2006,7560.4358974358975,172409.0909090909,123.60508941666669,0.959375,19046.78869565218,1.11,0.6866006233529244,0.3251135296092252,0.2440335484658342,1423.1,0.134,962.83,3797.380000000001
Eswatini,2007,7791.974358974359,180556.18181818185,125.86060175,1.0243749999999998,83.51260869565218,1.19,0.682368775235444,0.2982556015887101,0.2125263667086506,567.6,0.872,663.9000000000001,4278.975
Eswatini,2008,8396.897435897436,184024.0909090909,130.16731633333333,0.9956250000000002,87.37608695652173,1.18,0.5948625713403816,0.2592624259875897,0.1562481869066227,1001.4,0.493,678.0600000000001,4426.765
Eswatini,2009,8350.871794871795,199633.9090909091,121.98893158333333,0.963125,90.53630434782607,1.18,0.6143071197847485,0.2598531091487143,0.1593845568096491,1289.5,0.29,738.14,4193.915
Eswatini,2010,9315.846153846154,207834.2727272728,150.059696,0.973125,96.00978260869564,1.26,0.5464882004194085,0.225422357273769,0.1406206133469701,1205.3,1.002,862.99,4322.9
Eswatini,2011,8705.897435897436,209662.36363636365,157.17286675,0.951875,97.32608695652172,1.25,0.6240597296261764,0.2691279121137734,0.1749388861072458,1343.6,,718.79,4187.635
Eswatini,2012,9010.923076923076,211878.8181818181,152.688334,0.9818749999999998,100.23369565217396,1.28,0.6346741561522917,0.2677861057519636,0.1747878643014267,1337.2,0.495,871.7699999999999,4279.71
Eswatini,2013,10363.0,205728.7272727273,144.54582725,1.02,102.5078260869565,1.27,0.5332432693235035,0.3285728071021587,0.1690630126411107,1367.3,0.247,984.71,4224.06
Eswatini,2014,10449.666666666666,201168.18181818185,174.15165641666667,0.911875,100.46195652173915,1.26,0.5089157548884645,0.3201059044945306,0.1690963029123574,1362.3,0.543,737.45,4202.4400000000005
Eswatini,2015,9256.897435897436,196402.9090909091,187.9792720833333,0.900625,102.04217391304348,1.21,0.5292269935930778,0.3667535503671155,0.1859154227339634,1259.7,0.921,584.29,4579.044999999999
Eswatini,2016,7340.538461538462,196607.0,225.61991891666665,0.910625,97.4954347826087,1.17,0.6236599704485302,0.4082806752805253,0.2175589717794457,1224.9,0.858,764.43,4664.41
Eswatini,2017,9463.48717948718,189396.0909090909,210.30823575,0.876875,101.04695652173912,1.17,0.66275780598027,0.3611776436289163,0.1847099242432257,1240.4,0.734,922.47,4194.19
Eswatini,2018,10565.48717948718,187189.0,217.0311785,0.8799999999999999,103.96717391304348,1.18,0.6657525469962045,0.3831342493944605,0.3085517917554203,1272.3,0.743,714.2799999999999,4347.13
Eswatini,2019,9934.05128205128,197758.36363636365,227.37544141666663,0.933125,106.5791304347826,1.27,0.7244778384628158,0.4177550409365966,0.3085347471013659,1279.7,1.491,681.6000000000001,4739.005000000001
Eswatini,2020,9581.307692307691,205623.2727272728,220.66468791666668,0.906875,108.21978260869564,1.26,0.8020825806657962,0.3817850462037062,0.3393065022439172,1286.6,0.252,671.66,4408.735000000001
Eswatini,2021,9547.74358974359,207259.54545454544,233.71847583333337,0.939375,112.71608695652176,1.28,0.8447021983982443,0.4630413414902217,0.3827082247919633,1431.9,0.566,951.11,4202.8
Eswatini,2022,10207.71794871795,208022.2727272728,192.47673125,0.8687499999999999,125.65673913043476,1.17,0.7108346876796899,0.40018738963224,0.2926217216233784,1587.0,1.022,1006.16,4043.09
Eswatini,2023,9921.05128205128,217781.36363636365,202.84652466666668,0.87,120.9628260869565,1.21,0.7313741047913438,0.4117507191390076,0.301076964031387,1225.4,0.764,1278.1899999999998,3998.125000000001
Eswatini,2024,9966.692307692309,225700.54545454544,,,20697.21521739131,,,,,1083.1,0.935,777.3700000000001,4603.889999999999
Ethiopia,1993,188100.30303030304,8171123.076923077,2111.696621,0.7912499999999999,45.23654320987654,2.89,0.156831219964847,0.2445503768943377,0.0021265250164725,1312.2,0.184,1410.4299999999998,1966.725
Ethiopia,1994,220702.9,8175353.846153846,1752.8084086,0.7718750000000001,45.336823529411774,2.91,0.1803329272066648,0.3439012355524085,0.0018123912282076,973.6,0.516,1100.1600000000003,2177.5500000000006
Ethiopia,1995,244413.7027027027,8200043.076923077,1785.734824,0.751875,44.90505617977528,2.92,0.1861597754007459,0.3633184188040931,,1032.8,0.728,1096.5599999999995,2280.82
Ethiopia,1996,281028.97297297296,8594222.307692308,1821.1197332,0.7518750000000001,49.35224719101124,3.0,0.2884008689303161,0.343380965240478,,1213.1,0.732,1580.7399999999998,1996.46
Ethiopia,1997,268437.54054054053,8880530.0,1850.0985261,0.75,47.9443820224719,3.07,0.2016558484740869,0.2890802823023192,,1263.4,0.643,1208.85,2236.44
Ethiopia,1998,231566.8961038961,9749990.307692308,1876.8575192,0.773125,46.07978260869563,3.25,0.3243123316136901,0.38417408315602,,1140.1,0.735,1444.1999999999998,2335.33
Ethiopia,1999,259408.8961038961,9396457.538461538,1906.6345779,0.75,48.22902173913043,3.23,0.3075839001606287,0.3395681540725567,,1123.9,0.247,1102.1,2179.6
Ethiopia,2000,251335.0,8721159.692307692,1941.4687058,0.7,50.75712765957446,3.11,0.3043746394254668,0.3221994549107752,,1115.5,0.473,769.66,2402.465
Ethiopia,2001,285140.9873417721,9357549.384615384,1979.9806454,0.7006249999999999,51.19483870967744,3.19,0.2215745992499905,0.2515702869262357,,1197.3,0.611,788.3500000000001,2535.14
Ethiopia,2002,239478.98734177207,10967890.76923077,2012.8923518,0.740625,54.26159574468084,3.49,0.4077476737474375,0.2922051774844535,,1352.9,0.933,593.3100000000001,2850.89
Ethiopia,2003,292902.9240506329,11099153.846153846,2043.1462192,0.7049999999999998,56.36882978723406,3.29,0.1163354722744573,0.0964141962444805,,1122.7,0.978,679.09,2600.7700000000004
Ethiopia,2004,305273.4810126582,11857844.461538462,2079.4088784,0.6974999999999999,60.033297872340434,3.19,0.2681530008058754,0.1493873619441869,,1162.1,0.712,659.5200000000001,2636.395
Ethiopia,2005,333925.4430379747,12744852.76923077,2112.0720533,0.6993749999999999,65.84776595744675,3.25,0.2410807612250282,0.1775845513911801,0.0,1361.2,0.963,886.4200000000001,2378.6350000000007
Ethiopia,2006,300831.17721518985,14040969.923076924,2190.4129033,0.7112499999999998,66.91893617021277,3.32,0.2813139275769407,0.2143494587127648,,1563.2,0.845,1281.53,2315.4
Ethiopia,2007,333209.1219512195,15636978.153846154,2233.1285584,0.7499999999999999,69.62793814432989,3.51,0.3181755630793338,0.357580246609943,,1448.5,0.705,1176.91,2154.145
Ethiopia,2008,350127.2926829268,15974920.846153846,2285.8940687000004,0.7493749999999999,70.21298969072164,3.66,0.3192353247972035,0.3491672958803336,,1425.6,0.655,1077.16,2198.765
Ethiopia,2009,355374.60975609755,16249630.153846154,2344.9531231,0.7531249999999998,73.36597938144332,3.72,0.3330682517843237,0.360155161585242,,1650.2,1.158,904.48,2507.805
Ethiopia,2010,375482.0853658537,16795505.46153846,2374.7612281,0.76125,83.45783505154638,3.78,0.4158414105106039,0.4316104717541805,,1760.3,1.101,1350.2199999999998,2281.94
Ethiopia,2011,394821.5731707317,16368545.538461538,2428.2971925,0.7131249999999999,87.44690721649486,3.5,0.3930914887796327,0.4080501445404365,,1764.2,0.957,755.6300000000001,2460.025
Ethiopia,2012,400360.9024390244,17103201.076923076,2487.748202,0.719375,92.4376288659794,3.61,0.6216640997753413,0.5502785078609244,0.0004445988579694,1939.8,0.855,1117.48,2406.72
Ethiopia,2013,390571.4578313253,18208240.0,2568.2525468,0.7175,91.75010204081632,3.65,0.4404750950190952,0.2821506738149601,0.0006400877355148,2066.1,0.993,1398.53,2325.115
Ethiopia,2014,392115.1927710843,19027849.69230769,2673.8210561,0.7225,94.87887755102038,3.73,0.6051920567600586,0.3998697395322197,0.0035907815508234,2227.9,0.902,1147.0399999999995,2345.42
Ethiopia,2015,408151.2289156627,19271073.46153846,2712.8523239,0.7168749999999999,100.60428571428577,3.77,0.5993195234272942,0.4816474533771901,0.0018620549104288,2337.1,1.221,986.17,2531.45
Ethiopia,2016,424798.5903614458,19948457.46153846,2767.6820456,0.6675,104.51653061224484,3.53,0.818175973004696,0.4414444968860214,0.0007627143953663,2326.6,1.223,1272.1600000000003,2392.5950000000003
Ethiopia,2017,428837.4698795181,20636120.615384616,2818.4501791,0.6643749999999999,109.8269387755102,3.58,0.8782488155846369,0.4045518691469306,0.0024648032745295,2518.7,1.073,1349.21,2247.49
Ethiopia,2018,440055.4819277108,22148901.0,2879.690738,0.6531250000000002,113.05479591836728,3.58,0.5777748725824674,0.0271283974186715,0.0033404878711213,2521.6,0.48,1098.52,2286.13
Ethiopia,2019,432170.9277108434,25579620.615384616,2955.8229722000005,0.680625,118.0631632653062,3.8,0.8087587053839427,0.1705158660031514,0.0064928013896331,2711.2,0.821,1369.41,2420.2500000000005
Ethiopia,2020,442800.6987951807,27179273.0,2978.2731765,0.7000000000000001,124.93612244897952,3.97,1.028708855336966,0.4261556057012558,0.0039024328658507,2712.8,0.785,1746.92,2379.8
Ethiopia,2021,446148.2289156627,25922577.53846154,3038.7968069000003,0.65,119.18295918367347,3.65,1.0666365327877525,0.4666610478450571,0.0051462716899723,2660.6,0.881,1258.38,2281.75
Ethiopia,2022,418017.0963855422,24621861.07692308,3082.3091147,0.6375000000000001,114.58265306122448,3.7,1.0188411040662144,0.4645025327407045,0.0,2690.9,0.848,1080.2399999999998,2377.6450000000004
Ethiopia,2023,424487.9518072289,24594776.384615384,3131.426298,0.6543749999999999,116.97877551020404,3.91,1.289230937344778,0.4571861207691751,0.004598481515646,2656.3,0.848,1414.0199999999998,2427.7700000000004
Ethiopia,2024,429199.3012048193,27376683.53846154,,,118.91591836734692,,,,,2631.6,1.592,1646.03,2623.6100000000006
Gabon,1990,13740.206896551725,79488.77777777778,57.441683363636365,5.996875,87.67925,3.02,0.0098979586715045,0.0352978673211741,0.0363895539393547,1588.2,0.085,1789.33,5390.95
Gabon,1991,13367.93103448276,82887.33333333333,62.19345963636364,5.65875,101.57675,3.01,0.0149611783217673,0.0074805891608836,0.022441767482651,1701.5,0.073,1019.16,5599.3550000000005
Gabon,1992,13507.896551724138,86121.66666666667,62.50267863636364,5.74875,116.1885,3.01,0.0074030771272991,0.0074030771272991,0.0222092313818975,1550.0,-0.243,1519.96,5639.054999999999
Gabon,1993,12332.709677419354,88643.0,64.45286354545455,5.71,99.67809523809524,3.0,0.0081085181290764,0.0081085181290764,0.0162170362581529,1588.5,0.135,1644.72,5527.014999999999
Gabon,1994,12381.129032258064,87831.66666666667,64.49399945454546,5.425,78.91857142857143,2.99,0.0080768078371083,0.0080768078371083,0.0161536156742167,1658.4,0.155,1494.59,5424.48
Gabon,1995,12351.032258064515,84631.66666666667,70.80627409090908,5.695,80.08928571428574,2.98,0.0080964892577863,0.0080964892577863,0.0161929785155726,1557.7,0.583,1660.48,5347.255000000001
Gabon,1996,12916.290322580646,88654.44444444444,69.881439,5.988125,87.35738095238094,2.93,0.0077421610619242,0.0077421610619242,,1591.0,0.068,1430.17,5423.009999999999
Gabon,1997,12865.387096774191,93565.55555555556,77.47381683333333,5.523125,80.5647619047619,2.93,0.0077727937175761,0.0077727937175761,,1562.4,0.386,1299.69,5605.110000000001
Gabon,1998,13367.16129032258,93921.66666666669,74.43551308333333,5.984999999999999,79.7464285714286,2.92,0.0074810199284712,0.0174307764333379,0.0074810199284712,1583.7,1.099,1386.38,6066.86
Gabon,1999,13362.870967741936,95388.33333333331,74.70980349999999,5.642499999999999,83.0964285714286,2.93,0.0074834218066905,0.0074834218066905,0.0074834218066905,1599.1,0.564,1811.5,5392.700000000001
Gabon,2000,13792.58064516129,96633.33333333331,72.26365366666666,5.603125,84.59238095238095,2.91,0.0072502748088027,0.0072502748088027,0.0072502748088027,1630.3,0.307,1917.05,5480.855
Gabon,2001,12410.79411764706,96411.11111111112,73.79171491666666,4.5443750000000005,81.63666666666667,1.38,0.0080575021269429,0.0080575021269429,0.0080575021269429,1541.5,0.248,1525.66,5370.5
Gabon,2002,12800.735294117649,95611.11111111112,77.13463816666666,4.336875,85.71088888888893,1.42,0.0432006433453926,0.012655523005341,0.0857763225917561,1449.4,0.643,1563.57,5698.755
Gabon,2003,13078.264705882351,95388.88888888888,79.40801016666667,4.63125,85.58044444444444,1.44,0.0145279212703599,0.0106283213504211,0.0646110182813374,1538.1,0.843,1728.9799999999998,5571.494999999999
Gabon,2004,12777.617647058823,95388.88888888888,81.81086958333333,4.266875000000001,79.77200000000002,1.51,0.0532180582314161,0.0198002481361004,0.056896365197411,1559.8,0.762,1709.02,5524.8550000000005
Gabon,2005,13072.088235294115,95388.88888888888,88.08257141666667,3.904375,80.31444444444446,1.45,0.0443693455521497,0.0199662054984673,0.1431293888415036,1569.9,0.704,1519.89,5587.92
Gabon,2006,13229.20588235294,95388.88888888888,89.53027766666666,3.37375,79.94377777777778,1.47,0.0603966713577088,0.0226015078046995,0.1247996300520367,1580.0,0.655,1400.9899999999998,5655.035000000001
Gabon,2007,13443.029411764706,96167.77777777778,98.60099733333332,2.9225000000000003,80.57311111111113,1.46,0.0662053152410012,0.023506606310288,0.1292863347065844,1667.1,0.815,2201.5200000000004,5474.994999999999
Gabon,2008,14442.823529411764,96723.33333333331,95.01332875,3.014375,85.97622222222223,1.5,0.0567756019679997,0.0210485158515511,0.1588332084324284,1611.4,0.682,1037.64,5615.915
Gabon,2009,14697.735294117649,96723.33333333331,95.9552545,2.82375,87.35799999999998,1.44,0.0600772828146752,0.0202752324787918,0.1854707507959283,1589.1,0.712,2597.88,5830.21
Gabon,2010,15305.176470588236,97723.33333333331,114.49917383333332,2.796875,88.90444444444444,1.45,0.0387450612633916,0.0014374221716603,0.0269189970329129,1595.0,1.01,3506.63,5418.045000000001
Gabon,2011,16349.117647058823,98278.88888888888,123.90814283333334,4.005000000000001,100.0422222222222,4.23,0.0233040099303779,0.0152913450986732,0.0737042833756048,1596.1,0.466,2216.16,5233.264999999999
Gabon,2012,16797.764705882353,100056.66666666669,126.93290075,3.84,92.98711111111112,4.18,0.077391249535998,0.0531618352581894,0.0646514592277645,1600.6,0.484,2575.65,5176.974999999999
Gabon,2013,17447.117647058825,104748.88888888888,129.75583774999998,3.713125,98.78866666666664,4.18,0.0731926055542589,0.0424138826234546,0.0732499216118582,1600.4,0.618,2189.06,5357.749999999999
Gabon,2014,17836.647058823528,105971.11111111112,135.17746391666665,3.6125,100.06911111111113,4.14,0.1038311737566023,0.063184520963116,0.0713138515218132,1592.5,0.711,3655.28,5306.34
Gabon,2015,18078.26470588236,106852.77777777778,141.37528916666665,3.579375,100.33666666666667,4.15,0.2444924926097338,0.0969119563466637,0.1500697132240289,1591.7,0.858,2215.06,5376.85
Gabon,2016,18073.76470588236,107954.88888888888,141.81223891666667,2.869375,99.5942222222222,2.57,0.2027801102670641,0.1906630995853487,0.178933390614921,1590.2,1.416,1639.2200000000005,5449.015
Gabon,2017,18673.235294117647,107453.33333333331,149.26471800000002,2.66875,100.5882222222222,2.57,0.4148183149836757,0.3056781489706714,0.3345965442832437,1587.6,1.186,787.42,6035.005
Gabon,2018,18564.970588235294,107342.55555555556,179.85306166666666,2.470625,99.7813333333333,2.52,0.3391871788900166,0.2029090206254871,0.2308110308946674,1587.0,0.912,807.99,6316.700000000002
Gabon,2019,18991.76470588236,107311.33333333331,184.7925915833333,2.55,100.89711111111112,2.55,0.3058694170847883,0.1707582233785451,0.2055101282289428,1586.2,1.393,564.95,6529.02
Gabon,2020,19623.29411764706,107254.11111111112,183.50407225,2.5162500000000003,101.3317777777778,2.53,0.1370310195565824,0.0997284140097552,0.1155769253827924,1588.2,1.283,1214.0500000000002,6213.924999999999
Gabon,2021,21087.08823529412,109108.66666666669,185.48071725,2.399375,104.2962222222222,2.51,0.1754628215481651,0.1330672100713922,0.1269023001251053,1587.1,1.021,1102.49,5940.724999999999
Gabon,2022,22715.352941176472,109348.88888888888,188.807964,2.458125,106.09600000000002,2.6,0.2738236124310723,0.276244882315913,0.3063566750655679,1587.2,0.895,1078.4299999999998,6062.82
Gabon,2023,22805.852941176472,109834.77777777778,188.89897100000005,2.510625,107.11511111111112,2.55,0.2428762482283208,0.1921436576523744,0.2813312887945308,1587.5,1.213,1011.24,6278.2300000000005
Gabon,2024,22719.5,109958.22222222222,,,107.48111111111116,,,,,1587.3,1.479,1000.78,6396.045000000001
Gambia,1990,23634.272727272728,132223.4,47.09545833333334,0.690625,71.47733333333333,2.32,0.0084622870484693,0.0084622870484693,0.0084622870484693,1003.9,1.2,769.5799999999999,6945.900000000001
Gambia,1991,24088.33333333333,146013.8,49.43186966666667,0.6775,78.37133333333333,2.36,0.0124541617657228,0.0124541617657228,0.0124541617657228,1112.7,0.874,644.0699999999999,7017.660000000002
Gambia,1992,19855.47619047619,143694.4,51.26652755555555,0.6437499999999999,77.739,2.48,0.0100727878838746,0.0201455757677492,0.0100727878838746,1238.1,0.915,830.9599999999999,6811.145
Gambia,1993,20078.61904761905,142042.3,50.79231066666667,0.6181249999999999,84.99166666666663,2.45,0.0099608443950086,0.0199216887900172,0.0099608443950086,1189.2,1.119,856.82,6832.0
Gambia,1994,21975.19047619048,140047.4,52.99653566666666,0.614375,82.13300000000002,2.47,0.0091011725343944,0.0182023450687888,0.0091011725343944,1163.5,0.824,1084.81,6556.71
Gambia,1995,23572.85714285714,138058.2,53.67110633333333,0.6056250000000001,75.68533333333333,2.5,0.014593054966365,0.0169686685655407,0.0084843342827703,1035.2,0.885,810.99,6784.395
Gambia,1996,21277.47619047619,134860.6,56.11383066666666,0.601875,72.53166666666668,2.59,0.0096346013110214,0.0187992220702858,0.0093996110351429,1104.3,1.147,957.31,6767.035
Gambia,1997,23800.571428571428,134268.4,57.95561955555556,0.5756249999999999,74.78533333333333,2.55,0.0126047393820071,0.0210078989700118,0.0126047393820071,940.6,1.369,875.29,6792.150000000001
Gambia,1998,22943.95238095238,133144.3,57.133185222222224,0.5668749999999999,71.03400000000002,2.5,0.1002442805760577,0.0043584469815677,0.0043584469815677,1036.4,1.617,791.63,7219.325
Gambia,1999,28554.19047619048,131423.4,60.87329022222222,0.6024999999999999,81.75733333333336,2.66,0.0350211294147456,0.0035021129414745,0.0035021129414745,1303.7,0.806,946.16,6669.359999999999
Gambia,2000,33226.57142857143,129677.2,64.19365966666666,0.583125,86.05999999999997,2.95,0.0180578366711662,0.0030096394451943,0.0030096394451943,1305.3,1.01,569.0799999999999,7157.9800000000005
Gambia,2001,37936.857142857145,142927.8,68.16658355555556,0.488125,90.56366666666666,2.69,0.0158157539972431,0.0026359589995405,0.0026359589995405,1292.5,1.357,364.06,7460.13
Gambia,2002,32185.0,153791.0,71.04202711111111,0.4724999999999999,80.36200000000002,2.62,,,,966.5,1.42,350.61999999999995,7615.225
Gambia,2003,34976.857142857145,186219.8,74.88789455555555,0.49,94.46533333333332,2.91,0.0497185894346451,0.0190125715779407,0.0119221689443628,1207.7,1.064,993.3,6963.094999999999
Gambia,2004,38119.0,188336.4,79.76016999999999,0.505625,100.915,3.03,0.0314803641228775,0.0209344421417135,0.0133791547522229,1179.0,1.103,860.73,6845.665
Gambia,2005,37056.52380952381,192280.4,85.20701166666667,0.503125,97.67866666666666,3.05,0.0450932744957176,0.0202393512099271,0.0202393512099271,1047.4,1.413,989.25,6851.305
Gambia,2006,38922.90476190476,196380.0,86.37395299999999,0.5056249999999999,100.63033333333333,3.08,0.0429567117415245,0.0192688599319039,0.0192688599319039,1033.0,1.187,783.35,6953.57
Gambia,2007,38165.28571428572,203713.6,88.04067333333334,0.49,93.52766666666666,3.05,0.0398267685293655,0.015721092840539,0.015721092840539,805.3,1.095,779.1000000000001,6899.715
Gambia,2008,41547.69565217391,209765.2,86.13027466666668,0.5118750000000001,105.7564516129032,2.9,0.0200973841483382,0.0090257713241039,0.0090257713241039,983.5,1.367,1114.37,6787.325000000001
Gambia,2009,46188.833333333336,216221.0,90.47329366666663,0.5862499999999999,111.7984375,3.15,0.0295525974892915,0.0146139218353639,0.0146139218353639,1057.7,0.698,1106.88,6646.179999999999
Gambia,2010,46858.54166666666,216615.7,84.92391366666668,0.5981249999999999,118.9784375,3.18,0.0380933750072239,0.0160056197509344,0.0160056197509344,1136.1,1.405,955.11,6900.795
Gambia,2011,33202.52,186522.7,85.53336533333334,0.4912499999999999,95.90000000000002,2.61,0.0791506186879767,0.0300579594560885,0.0300579594560885,879.2,1.129,671.13,7123.674999999999
Gambia,2012,38205.208333333336,167901.1,87.21052933333334,0.4949999999999999,103.608125,2.72,0.0118570221119499,0.0086899146604136,0.0098677645390841,920.0,0.991,842.85,7058.1900000000005
Gambia,2013,33424.44,169903.4,88.551988,0.499375,99.14656249999996,2.85,0.0017053389675338,0.0024233764275481,0.0013164020100261,968.9,1.106,844.5799999999998,6991.475
Gambia,2014,32244.45833333333,186005.7,91.37683833333334,0.505,93.91875,2.92,0.0007753270264786,0.0023569941604952,0.0031943473490921,753.2,1.281,842.26,6920.39
Gambia,2015,34273.958333333336,189423.3,94.715852,0.5275,107.9615625,3.11,0.0041139105856607,0.0014880102118347,0.0013421268577332,957.2,1.269,877.51,6827.339999999999
Gambia,2016,31663.291666666668,183680.2,99.29190733333331,0.486875,98.12125,2.92,0.0040741184257794,0.0037582952919981,0.001642280295663,727.2,1.684,611.48,7267.035000000001
Gambia,2017,28402.791666666668,175338.4,103.38133133333334,0.460625,93.7171875,2.83,0.0013026888495408,0.0014083122697739,0.003344741640713,567.2,1.791,944.27,6934.179999999999
Gambia,2018,20994.416666666668,175179.0,111.53586266666666,0.41125,88.9371875,2.51,0.0955492134813575,0.0335803566821321,0.0395819523444706,542.2,1.075,978.5700000000002,6836.665
Gambia,2019,23979.58333333333,176650.5,115.66438244444446,0.4275000000000001,88.80500000000002,2.65,0.0279404354398695,0.017598304112873,0.0319021389723883,460.9,1.423,723.79,7044.715
Gambia,2020,22814.83333333333,178881.9,119.23424844444445,0.4125000000000001,95.7796875,2.61,0.0009204537983329,0.0043392821921408,0.0098181738488844,659.8,1.853,1143.19,6992.78
Gambia,2021,20438.291666666668,181502.1,124.15013322222222,0.3775,96.93000000000002,2.41,0.0232896177314221,0.0218707124494657,0.0029845938689427,1054.1,1.758,1331.06,6931.45
Gambia,2022,20085.625,184294.4,125.36703166666666,0.390625,99.44187499999998,2.57,0.0236985406229567,0.0222547219715581,0.0030369978529419,855.4,1.487,1187.0,6644.155000000001
Gambia,2023,19097.041666666668,177210.0,127.3262892222222,0.4075,108.3753125,2.8,0.2876885381461637,0.0347697832779491,0.0363930713526726,969.6,1.851,929.48,6947.540000000001
Gambia,2024,20240.45833333333,182828.7,,,116.40062500000002,,,,,1005.0,1.966,960.75,7185.36
Ghana,1990,112440.625,1127890.8,1045.7715785454543,0.558125,43.927413793103455,0.54,0.0711486617937238,0.0266807481726464,0.0177871654484309,989.2,0.49,1155.97,6474.825000000002
Ghana,1991,140770.3673469388,1159105.5,1080.0993727272728,0.559375,53.02827586206895,0.56,0.0497263744630852,0.0014207535560881,0.0056830142243526,1220.8,0.36,1474.57,6225.77
Ghana,1992,144617.0612244898,1133486.5,1079.5745470909092,0.5356249999999999,55.09672413793104,0.55,0.048403694147358,0.0138296268992451,0.0076062947945848,1042.1,0.127,1022.84,6251.444999999998
Ghana,1993,146017.5306122449,1148221.1,1084.3181043636362,0.5312499999999999,62.78293103448278,0.55,0.0356327077864145,0.0093481926058919,0.0068484927515692,1340.2,0.437,1416.49,6168.629999999999
Ghana,1994,145382.32653061225,1158292.9,1111.9071818181817,0.5287499999999999,59.734827586206926,0.55,0.0185717209542073,0.0137568303364498,0.0206352455046747,1327.5,0.506,1154.09,6344.589999999999
Ghana,1995,158017.9,1126731.4,1143.1423392727272,0.5218749999999999,62.61813559322036,0.55,0.0202508703127935,0.0158209924318699,0.0253135878909919,1354.1,0.674,1449.41,6261.65
Ghana,1996,149146.89285714287,1241340.1,1151.7729180909091,0.533125,72.31076923076922,0.61,0.0482745557890791,0.0234667979530245,0.0449221560815042,1389.2,0.622,1222.8200000000002,6457.5650000000005
Ghana,1997,149350.2857142857,1312424.2,1179.3367658181817,0.54125,66.13476923076925,0.64,0.0582924897556268,0.0398727057770224,0.0445596737105096,1321.7,0.427,1466.5399999999995,6067.92
Ghana,1998,164635.75,1346077.4,1152.1273131818182,0.57,82.42615384615388,0.81,0.0441823844456623,0.0221944504762785,0.0258510074512976,1333.8,1.088,794.3500000000001,6934.48
Ghana,1999,162946.9642857143,1414092.0,1176.7844875454546,0.5225,70.93153846153844,0.68,0.0491080029325928,0.02578753165743,0.0196505655323871,1297.0,0.566,1246.7500000000002,6539.63
Ghana,2000,169501.2857142857,1462574.4,1172.8400862727271,0.5399999999999999,68.63230769230769,0.81,0.0415808055396121,0.0160411762574071,0.0125013800990973,1309.2,0.408,842.69,6718.01
Ghana,2001,175071.87719298244,1494226.4,1184.6976196363637,0.1912499999999999,65.13757575757576,0.61,0.0809324731486221,0.0490655617437126,0.0472263171707818,1186.1,0.532,927.4,6760.625
Ghana,2002,195501.94736842104,1533830.2,1211.3768306363634,0.1875,69.9390909090909,0.59,0.0221481169793165,0.0006138046276023,0.0573395822951821,1349.0,0.827,1020.9,6712.45
Ghana,2003,205028.73684210525,1621029.0,1218.9334596363635,0.195625,71.48060606060606,0.64,0.041745367658346,0.0138224526163982,0.0840272454747032,1396.4,1.001,1185.3300000000002,6585.959999999999
Ghana,2004,210896.1754385965,1716770.0,1224.7158965454546,0.180625,71.83121212121216,0.63,0.0270370004962946,0.0169941441211364,0.2063384976493786,1373.3,0.726,1267.5,6358.804999999999
Ghana,2005,211286.24561403508,1740247.2,1245.323453,0.208125,74.1978787878788,0.76,0.0525590294234575,0.0298457667306909,0.0311615173096843,1432.3,0.963,1061.75,6625.7
Ghana,2006,215812.15789473685,1796806.0,1283.2718003636362,0.221875,77.01348484848486,0.74,0.1398021329952869,0.0704130858439024,0.1801752059722494,1334.5,0.994,1040.05,6665.52
Ghana,2007,193603.70175438595,1862822.6,1311.2026093636364,0.210625,75.38181818181818,0.68,0.1339023983791806,0.0689036411965078,0.1916492281075883,1317.0,0.892,1168.5,6384.935
Ghana,2008,211394.2068965517,1931437.9,1326.4450064545454,0.215625,81.24283582089554,0.71,0.0869181812961953,0.0469880426045013,0.175813711007641,1598.1,0.659,1208.16,6352.435
Ghana,2009,216882.75862068965,2003446.5,1418.5455332727272,0.194375,88.25208955223881,0.68,0.0975642330195874,0.1545304947850412,0.1504545599084195,1659.8,0.829,1232.21,6440.165000000001
Ghana,2010,217926.27586206896,2078440.7,1428.0138894545455,0.213125,88.67208955223879,0.71,0.1139605579995254,0.1137953645190348,0.1686854871198129,1814.3,1.228,1190.6200000000003,6622.825
Ghana,2011,225723.05084745763,2173413.0,1489.8855100909093,0.4624999999999999,91.52102941176472,0.79,0.0475715703809826,0.0791057888547984,0.1499802517859737,1594.2,0.837,1111.79,6488.020000000001
Ghana,2012,225584.7118644068,2272882.0,1573.6840052727273,0.4624999999999999,95.41823529411766,0.75,0.1876013655811803,0.3111469718842876,0.2254186446400898,1768.1,0.571,1295.72,6309.985
Ghana,2013,220401.4915254237,2377671.4,1600.1614594545456,0.4693749999999999,96.34735294117648,0.81,0.2057290977759531,0.1771539735496568,0.155761196362139,1688.8,0.791,819.5300000000001,6879.205
Ghana,2014,226333.38983050847,2490842.2,1605.6509768181816,0.4649999999999999,98.61191176470594,0.81,0.1686759520042048,0.0690750932140749,0.0883166200752298,1703.4,0.799,1043.89,6792.75
Ghana,2015,223666.0169491525,2610672.9,1537.4567306666668,0.469375,100.20441176470592,0.82,0.1918038358493796,0.1636368389763938,0.1435175554956896,1830.3,1.111,1078.59,6618.424999999999
Ghana,2016,224572.16949152545,2754046.6,1553.240541,0.4581249999999999,101.1833823529412,0.83,0.1910299040933418,0.1184474463609065,0.1389308393406122,1842.4,1.171,1316.96,6652.355
Ghana,2017,236025.45762711865,2906259.3,1568.8798796666667,0.460625,106.18250000000006,0.88,0.3474201504548977,0.1915047658605046,0.2008257942873433,1949.1,1.268,1166.9000000000003,6582.695
Ghana,2018,238830.22033898305,3010994.4,1631.1181603333334,0.4675,110.11367647058822,0.84,0.2729972777626645,0.1285431967379417,0.1306367341440971,2172.6,0.982,1345.37,6391.65
Ghana,2019,246033.45762711865,3122261.7,1666.7856543333337,0.47875,114.83411764705885,0.85,0.3109333207678645,0.236959641840085,0.2125727147210368,2346.2,1.227,1419.23,6407.74
Ghana,2020,252559.28813559323,3279388.5,1782.0443409166664,0.5131249999999999,121.84250000000002,0.98,0.3200119884587583,0.3341789590200589,0.2803302168082959,2410.8,1.187,1189.2099999999998,6304.185000000001
Ghana,2021,266240.81355932204,3352651.3,1822.543579,0.0687499999999999,126.04661764705882,0.9,0.2886071409291234,0.1853772881031362,0.1869961233006329,2360.5,1.403,1425.02,6610.909999999999
Ghana,2022,267713.6101694915,3457205.4,1716.16165025,0.0924999999999999,132.8310294117647,0.99,0.2902355242634368,0.2252406964361034,0.1363397250400958,2410.4,0.894,1634.2099999999998,6003.475
Ghana,2023,271127.0,3619980.7,1752.3123311666666,0.08125,137.20088235294122,0.93,0.2909890936719682,0.0905479719836088,0.1203310625647754,2562.3,1.272,1485.9499999999998,6375.495000000002
Ghana,2024,274082.3559322034,3740088.0,,,141.03352941176468,,,,,2632.2,1.627,1108.69,6815.220000000001
Guinea,1990,88637.61904761905,446721.5454545455,234.1947393,1.78625,42.037547169811305,1.92,0.0082470626789656,0.0014553640021704,0.0033958493383976,1455.1,0.735,1639.7500000000002,5734.905
Guinea,1991,95172.76190476192,478198.0909090909,238.77980710000003,1.739375,45.99698113207548,1.94,0.0143528460523917,0.0013764442407491,0.0046336787035906,1421.9,0.744,1624.74,5695.65
Guinea,1992,102128.42857142857,512178.1818181818,242.31923909999995,1.693125,47.61,1.96,0.0025947721286503,0.0009889508867686,0.0013708230113624,1392.6,0.399,1378.2400000000002,5585.745
Guinea,1993,105738.69047619047,548842.0,233.1366221,1.6643750000000002,49.30226415094339,1.98,0.0100152554871903,0.0026291227813398,0.002250831733665,1405.3,0.76,1186.24,5910.585000000001
Guinea,1994,108267.54761904762,606407.0,237.6814605,1.6449999999999998,52.1122641509434,2.0,0.0212436695074391,0.0092363780467126,0.0064654646326988,1422.3,0.522,1466.59,5743.624999999999
Guinea,1995,110319.47619047618,654576.8181818182,243.16342670000003,1.6225000000000005,53.26754716981132,2.02,0.0255349290739577,0.0128082551585027,0.007940574323318,1454.8,0.524,1678.51,5743.610000000001
Guinea,1996,113778.14285714286,691266.3636363636,249.6169904,1.5650000000000004,55.29075471698113,1.98,0.0215243449972187,0.008402316789441,0.0074179449480002,1458.9,0.838,976.2,6153.035000000001
Guinea,1997,117376.16666666669,730508.0909090909,255.5267211,1.5356250000000005,57.075660377358496,2.0,0.0057933396473161,0.0051714075969425,0.0043364851183587,1463.2,0.813,1743.66,5748.9400000000005
Guinea,1998,121690.26190476192,771505.7272727273,248.9671279,1.5843750000000003,60.20792452830189,2.1,0.0092036945476913,0.0116360995352955,0.006146753144351,1468.2,1.225,2187.81,5773.089999999998
Guinea,1999,126169.97619047618,814852.0,254.7793171,1.5431250000000003,60.90943396226413,2.06,0.0079258158731068,0.0110961422223496,0.0063406526984854,1473.7,0.535,1592.01,5577.990000000001
Guinea,2000,130360.14285714286,873094.1818181818,268.89617280000004,1.5381250000000002,62.652830188679246,2.08,0.0076710563373335,0.0107394788722669,0.0061368450698668,1492.1,0.688,1394.37,5595.9800000000005
Guinea,2001,128458.16666666669,924780.1818181818,282.088299,1.54375,63.22018867924526,2.11,0.0077846354649827,0.0108984896509757,0.0062277083719861,1483.0,0.809,753.8799999999999,6340.509999999998
Guinea,2002,133687.0,979914.0,290.4746156,1.576875,65.17830188679243,2.18,0.0134194050281626,0.0023188492523581,0.002214127028058,1487.2,1.14,672.68,6749.91
Guinea,2003,136596.97674418605,1037975.0,301.5685401,1.5581250000000004,67.97962962962963,2.19,0.0121745007806021,0.0015154068921134,0.0006954765929989,1484.8,1.043,709.1099999999999,6688.73
Guinea,2004,142367.11627906977,1099549.5454545454,315.2946744,1.5268750000000004,69.9711111111111,2.18,0.0117583332707153,0.0028658303312137,0.003828131202234,1491.3,1.103,685.1600000000001,6766.21
Guinea,2005,148274.2093023256,1164818.7272727273,329.2678645,1.57,72.96777777777778,2.27,0.013286194607069,0.0006811703834081,0.0030349175498381,1495.6,1.223,823.6700000000001,6578.32
Guinea,2006,152899.39534883722,1233882.5454545454,333.5835213,1.55375,74.3990740740741,2.28,0.0129366110015491,0.0001569659575516,0.0027992262430045,1502.0,1.147,677.49,6678.35
Guinea,2007,158666.7906976744,1307089.2727272727,339.9367792,1.5312500000000004,77.23907407407408,2.27,0.0200293961075659,0.000699579285066,0.0006869742529026,1514.0,1.035,630.1200000000001,6610.5700000000015
Guinea,2008,162020.04545454544,1384730.818181818,345.86952899999994,1.52625,86.95927272727272,2.29,0.0172509518322787,0.0027527458022169,0.0028206386359039,1464.7,1.101,1651.36,5842.235000000001
Guinea,2009,156328.11363636365,1467011.818181818,352.8124666,1.50625,87.69127272727275,2.32,0.008053573798815,0.0027058472731522,0.0007996002580237,1484.3,0.884,2014.38,5786.249999999999
Guinea,2010,189750.5227272728,1591684.5454545454,361.9588815,1.578125,90.28345454545456,2.35,0.0133227564470716,0.0005217376931408,0.0004110660612624,1184.7,1.308,1866.29,5735.89
Guinea,2011,192744.3409090909,1686896.4545454546,368.7067332,1.59125,96.77290909090912,2.41,0.0264495443858685,0.0139666876199996,0.013494559620958,1226.0,1.091,1133.94,5943.44
Guinea,2012,215127.5909090909,1787821.2727272727,377.9623253000001,1.6087499999999997,93.85690909090906,2.43,0.0250037662638682,0.0077767802490149,0.0081068169481662,1152.2,0.569,1616.25,5877.584999999999
Guinea,2013,218771.8181818181,1894866.9090909087,385.0978893,1.5806250000000002,93.55636363636364,2.44,0.0124467585570685,0.0141014506605054,0.0140923087151826,1189.6,1.062,1289.5700000000002,5920.960000000001
Guinea,2014,242509.68181818185,1961441.4545454544,399.9392505,1.5575,96.10963636363635,2.4,0.0120448799326286,3.71119203675653e-05,0.0009978983032167,1123.0,0.902,1892.8,5749.13
Guinea,2015,232349.8039215686,2078767.1818181816,415.0373475,1.5343749999999998,99.26741935483872,2.38,0.0103808996577168,0.0008995058161122,0.0008995058161122,1122.4,1.215,1814.66,5474.225
Guinea,2016,238324.45098039217,2203209.090909091,434.8803207,1.5825000000000002,104.1835483870968,2.49,0.0093527961181934,0.000335676845875,0.0001678384229375,1155.5,1.214,1802.43,5844.285
Guinea,2017,247452.17647058825,2335435.4545454546,471.0565644,1.5550000000000002,109.4817741935484,2.45,0.0527253394417029,0.0281832235200763,0.0257302242833848,1165.4,1.529,1461.45,5937.424999999999
Guinea,2018,255867.72549019608,2475453.1818181816,502.0410446,1.510625,115.77935483870972,2.41,0.0275728405623799,0.0311020078235888,0.0244032340852587,1186.7,1.222,1975.05,5826.529999999999
Guinea,2019,244415.98039215687,2623903.727272727,523.1398751,1.5187500000000005,122.03177419354844,2.47,0.028864724756051,0.0325592458694052,0.0255466111093951,1257.9,1.438,1854.66,5835.130000000001
Guinea,2020,248308.07843137256,2780790.8181818184,551.6747535000001,1.5125000000000002,126.25096774193554,2.47,0.0284122854341601,0.0320488968795246,0.0251461814671716,1323.7,1.503,2291.78,5654.835000000001
Guinea,2021,264161.9411764706,2947822.909090909,580.4824191,1.4925,133.31903225806448,2.44,0.0267071023500957,0.0301254600286409,0.0236370158857544,1356.5,1.776,2272.249999999999,5929.865
Guinea,2022,280489.3333333333,3124975.1818181816,586.9941556,1.54,145.46612903225807,2.52,0.0635746100861825,0.0191023306887486,0.0192235474195096,1369.5,1.405,1814.28,5767.085000000001
Guinea,2023,297469.3921568628,3306252.090909091,593.1870014,1.4925000000000002,150.17645161290324,2.46,0.0572630342788931,0.0005445938448503,0.0008673161232801,1369.5,1.683,2548.44,5710.92
Guinea,2024,299591.2549019608,3329078.8181818184,,,147.7103225806451,,,,,1351.0,1.845,2780.2700000000004,5792.429999999999
Guinea-Bissau,1990,16317.79411764706,184040.0,75.0100941,1.14,64.06355555555555,3.75,0.0133596488856436,0.0150755670911392,0.0074765007525161,1530.7,1.032,1374.01,6577.865000000001
Guinea-Bissau,1991,15815.20588235294,186778.18181818185,75.969556,1.1237500000000002,,3.73,0.0128989784589283,0.0144165053364493,0.0070817920950979,1614.5,0.831,1446.12,6495.4
Guinea-Bissau,1992,16740.08823529412,195915.45454545456,76.1997979,1.104375,,3.79,0.0045399999648604,0.003584210498574,0.00597368416429,1441.7,0.779,1798.3,6346.51
Guinea-Bissau,1993,17288.882352941175,203279.0909090909,75.3757268,1.0781249999999998,,3.7,0.005784063883284,0.005784063883284,0.005784063883284,1431.6,0.972,1656.7400000000002,6351.5
Guinea-Bissau,1994,17952.0,208859.45454545456,75.8013392,1.0575,,3.68,0.0055704099821743,0.0055704099821743,0.0055704099821743,1394.8,0.794,1835.53,6277.485
Guinea-Bissau,1995,19100.617647058825,213139.63636363635,76.56500159999999,1.049375,,3.67,0.0052354327932109,0.0052354327932109,0.0052354327932109,1402.2,0.829,1530.5600000000002,6495.415
Guinea-Bissau,1996,19087.558823529413,218406.0,77.05844149999999,0.92375,,3.09,0.0052390146338003,0.0052390146338003,0.0052390146338003,1366.5,1.007,1341.58,6491.63
Guinea-Bissau,1997,21852.470588235294,223747.45454545456,78.3638047,0.90875,,3.08,0.0045761416127397,0.0045761416127397,0.0045761416127397,1110.3,1.249,1597.45,6402.5650000000005
Guinea-Bissau,1998,22269.617647058825,229088.18181818185,76.1209872,0.97,83.15044444444445,3.44,0.0089808457051082,0.0089808457051082,0.0089808457051082,1145.0,1.676,1631.7700000000002,6787.694999999999
Guinea-Bissau,1999,25314.32352941177,234504.54545454544,77.25530870000001,1.078125,89.4106666666667,3.92,0.007900665398687,0.007900665398687,0.007900665398687,1038.2,0.825,1666.85,6471.724999999999
Guinea-Bissau,2000,27948.5,235866.36363636365,77.5147976,0.969375,90.99,3.45,0.0357800955328537,0.0250460668729976,0.0250460668729976,1097.0,1.069,1052.75,6639.595
Guinea-Bissau,2001,27660.057142857146,237786.36363636365,79.4459435,1.025,91.13369565217393,3.71,0.0361532152603741,0.0253072506822619,0.0253072506822619,1004.9,1.294,601.76,7063.725
Guinea-Bissau,2002,26290.485714285714,237804.54545454544,81.1990164,1.053125,83.36217391304346,3.89,0.0619615787134268,0.019512762357267,0.0213385178994674,1067.3,1.325,534.9399999999999,7342.974999999999
Guinea-Bissau,2003,25287.114285714284,241440.9090909091,83.3187796,1.03,80.91652173913043,3.8,0.0658042662044674,0.0238461373325083,0.0259025206513979,1075.9,0.974,1036.62,6881.044999999999
Guinea-Bissau,2004,26460.42857142857,241450.0,84.41641200000001,0.971875,92.42152173913044,3.57,0.0568773856378506,0.0164396430248936,0.0294401883135452,1164.0,1.093,1073.1,6755.505000000001
Guinea-Bissau,2005,27861.22857142857,263221.54545454547,88.10436810000002,0.9225,102.41413043478258,3.36,0.0686617244855345,0.018089654542974,0.0194176648963273,1325.6,1.325,1406.0499999999995,6669.389999999999
Guinea-Bissau,2006,27741.94285714285,280732.45454545453,89.7372099,1.01375,104.375,3.85,0.0733546316665404,0.0330546423775025,0.0366953390842939,1412.6,1.161,1125.0300000000002,6597.95
Guinea-Bissau,2007,26161.86111111111,299408.0909090909,89.4631842,0.993125,87.18234042553193,3.8,0.0397142999722863,0.0216727700522486,0.031610900940405,1346.1,1.028,1053.9299999999998,6687.809999999999
Guinea-Bissau,2008,27758.805555555555,319526.7272727273,90.7910643,0.92375,94.94148936170212,3.52,0.0519474801289261,0.017003613467998,0.0311252585515896,1490.3,1.307,1917.7,6722.475
Guinea-Bissau,2009,27508.444444444445,339887.45454545453,92.3097281,0.9093749999999998,91.7823404255319,3.47,0.0520203896985149,0.0231201731993399,0.0265736581898074,1632.2,0.749,2035.82,6502.524999999999
Guinea-Bissau,2010,29087.11111111111,361839.5454545455,92.7184875,0.931875,96.43382978723407,3.64,0.092102649512572,0.0338637961067127,0.0359265654127054,1723.8,1.373,1904.09,6751.010000000001
Guinea-Bissau,2011,27979.944444444445,378454.4545454545,93.7297823,0.8768750000000001,96.2227659574468,3.43,0.0591852497523006,0.0194782373882873,0.0259471565943057,1588.7,1.141,1333.47,6598.925
Guinea-Bissau,2012,30185.08333333333,381600.0,95.2758665,0.9918750000000002,99.96936170212769,4.12,0.0761634471772732,0.0335264934943021,0.0300810830956781,1512.1,0.869,2150.62,6608.08
Guinea-Bissau,2013,31760.944444444445,387090.9090909091,96.6668534,0.8949999999999999,102.1704255319149,3.67,0.0862379897043336,0.0263216354117644,0.0249362861795663,1397.7,1.173,1968.61,6561.449999999999
Guinea-Bissau,2014,28500.805555555555,388654.5454545455,98.3751372,0.8837499999999999,98.67361702127656,3.7,0.0943832971582641,0.0289465502437055,0.0291570706091143,1394.8,1.27,1841.01,6442.265
Guinea-Bissau,2015,30921.194444444445,391111.3636363637,100.7909712,0.90875,99.93510638297872,3.9,0.073638811207341,0.0352185618817717,0.0313053883393527,1402.1,1.266,1614.25,6569.015
Guinea-Bissau,2016,31963.38888888889,394370.6363636364,103.8245795,0.8106249999999999,101.3931914893617,3.39,0.1033682633429533,0.0429553951482672,0.0378245249339075,1414.4,1.625,1834.8,6699.275000000001
Guinea-Bissau,2017,32158.527777777777,397797.6363636364,107.2046043,0.7718750000000001,102.52744680851065,3.27,0.126467232209873,0.0539203788177821,0.0527076367336451,1385.9,1.731,1680.11,6727.249999999999
Guinea-Bissau,2018,32654.324324324323,401383.9090909091,111.1791257,0.775625,186.47489361702128,3.31,0.1281606674336375,0.0486306188493707,0.0452619991557745,1397.3,1.176,1688.99,6596.455
Guinea-Bissau,2019,34151.81578947369,404880.7272727273,113.38199749999998,0.775625,194.7655319148936,3.37,0.1336971371638519,0.0461176064461381,0.0390901616543456,1287.0,1.497,1571.1099999999997,6634.045
Guinea-Bissau,2020,34827.60526315789,408188.2727272727,117.4270349,0.7687499999999999,211.9742553191489,3.4,0.1501395218100541,0.0534346242280571,0.0566791769082132,1342.9,1.798,1924.66,6916.025
Guinea-Bissau,2021,35878.0,407104.9090909091,120.98280300000002,0.7162499999999999,224.45021276595745,3.08,0.1098723451697388,0.0449579129271407,0.0426445175316338,1352.6,1.779,2646.5400000000004,6830.385000000001
Guinea-Bissau,2022,35409.42105263158,409668.2727272727,122.2975137,0.71,228.09702127659568,3.15,0.0759684829639429,0.0362332950344753,0.0397069468577337,1462.7,1.481,2468.34,6622.995
Guinea-Bissau,2023,36379.34210526316,410229.5454545455,123.0356139,0.6781249999999999,238.85191489361696,3.02,0.0739430634071514,0.0352672677886153,0.0386483074908754,1406.9,1.788,1955.86,6741.22
Guinea-Bissau,2024,37847.5,413129.1818181818,,,238.3240425531916,,,,,1333.4,1.927,2401.2700000000004,6858.220000000001
Kenya,1990,112157.32,5757353.166666667,1569.2852886,0.8193750000000001,104.75967741935484,1.03,0.4377779354927485,0.4431275640323748,0.0704367757717456,1561.8,-0.038,1272.6,2735.25
Kenya,1991,105206.79268292684,5619118.25,1565.1644963,0.7618750000000001,120.70765306122448,0.98,0.4980666995326345,0.514225351998388,0.0589315560515712,1712.4,0.26,1103.5700000000002,2891.075
Kenya,1992,100235.47252747252,5613667.5,1590.9725835000002,0.7431249999999999,135.16261682242992,0.97,0.4768770854738925,0.4569240693452778,0.0828050169337512,1661.1,0.403,1083.66,2917.12
Kenya,1993,94253.97802197802,5605370.583333333,1601.7928887000005,0.724375,128.0606542056075,0.97,0.4466654976640108,0.5527618153989302,0.0615358642862532,1461.2,0.036,1168.73,2777.4700000000003
Kenya,1994,97606.1182795699,5557733.166666667,1634.5289167,0.71,120.87293577981649,0.96,0.5204591771029635,0.7274134168171341,0.0819620751343249,1918.2,0.486,1320.92,2893.235
Kenya,1995,96878.6989247312,5520100.5,1664.4021898,0.6943750000000001,108.86394495412844,0.95,0.3406321551204835,0.4128874607521012,0.0557398072015336,1753.1,0.369,1353.71,2749.505
Kenya,1996,84063.0744680851,5198801.416666667,1688.4891306000002,0.6631249999999999,119.9323636363636,0.93,0.7494372576620125,0.9017038750917548,0.2617082487073695,1402.6,0.395,1198.04,2714.9150000000004
Kenya,1997,87338.76595744681,5281463.333333333,1705.3916946000002,0.638125,97.99636363636364,0.91,0.5839331417259506,0.794607059525117,0.1602953722384962,1397.2,0.458,1505.24,2889.33
Kenya,1998,85233.24468085106,5041646.916666667,1711.9727459,0.6425,101.4318181818182,0.94,0.6218230949490843,0.6699263909734473,0.1994526908327251,1590.0,0.277,1320.37,2683.065
Kenya,1999,92073.4680851064,5684688.75,1732.7073642,0.653125,121.8091818181818,0.98,0.5886603505572381,0.9220897373119836,0.0977480286903162,1427.7,0.279,813.29,3076.3550000000005
Kenya,2000,88675.20212765958,5321708.75,1754.9758385,0.60125,113.55599999999995,0.91,0.7883940303778858,0.8034376949875195,0.0512995729454449,1375.0,0.537,581.1899999999999,3221.965
Kenya,2001,95342.0,5448857.083333333,1762.2625069,0.4774999999999999,102.45590909090912,0.91,0.8392313985441795,0.6523043359694505,0.0816429275660246,1639.6,0.554,1101.4399999999998,3077.235
Kenya,2002,95840.01063829788,5878067.833333333,1780.1427318,0.4706249999999999,103.73918181818182,0.95,0.6544657036477278,0.7873642698641857,0.0090358921522691,1488.3,0.693,1092.13,3125.87
Kenya,2003,96577.92631578947,5869741.333333333,1801.214428,0.4806250000000001,115.18072072072071,1.01,0.7047262516017807,0.9358038989621918,0.1229784118698571,1594.0,0.846,1080.52,2996.675
Kenya,2004,87744.34736842105,6529186.0,1837.8753665,0.4975,114.157027027027,1.07,0.7376429586767119,0.7996526511889174,0.121455117276709,1805.7,0.627,882.6699999999998,3214.025
Kenya,2005,99154.7052631579,6606532.0,1853.3647995,0.476875,126.33954954954952,1.04,0.7313218248952095,0.9393704489645378,0.1516619908262426,1646.1,0.893,699.59,3285.905
Kenya,2006,107543.82105263158,5503453.75,1896.971834,0.460625,131.62909909909914,1.01,0.7221893293338472,0.7926536286848186,0.122182751843727,1646.4,0.978,1068.4,3226.265
Kenya,2007,95752.26315789472,10790444.416666666,1774.6636509999998,0.6706249999999999,103.6308108108108,1.63,0.8296514085416612,1.0354115582261794,0.1494586083714922,1773.1,0.698,934.73,3126.935
Kenya,2008,91528.63157894736,11238271.0,1798.2640775454545,0.6606249999999999,102.84306306306308,1.65,0.7983403525155114,1.0671305613888895,0.0620570842370859,1417.5,0.764,739.43,3233.4950000000003
Kenya,2009,103229.64210526316,10824112.416666666,1839.2757791818185,0.630625,98.19702702702708,1.57,0.7536013727595101,0.9133326249824524,0.1468473559614033,1242.8,1.329,727.33,3365.9800000000005
Kenya,2010,104197.76842105263,11008250.833333334,1854.0263329090908,0.6131249999999999,102.32162162162165,1.57,0.7573674676131995,0.7710433843011817,0.2025187325963522,1710.1,1.146,1001.75,3093.765
Kenya,2011,113914.92631578947,11212133.083333334,1922.3350671818184,0.785625,95.18045045045042,2.39,0.896107325891761,0.9263667494061508,0.1932494775879822,1514.6,1.072,1046.77,3195.17
Kenya,2012,120515.7894736842,10000177.166666666,1947.913906090909,0.7587499999999999,102.39819819819816,2.35,1.0392331207965677,1.0846047689754474,0.1902323347017191,1744.8,0.942,1086.89,3020.355
Kenya,2013,122062.46315789472,10330398.333333334,1989.806990636364,0.738125,104.81027027027024,2.32,1.2158365164893046,1.2771985421786534,0.1952934537226567,1661.5,0.846,1003.5600000000002,3173.4100000000008
Kenya,2014,120880.48421052632,10867962.333333334,2074.650712,0.734375,102.80432432432436,2.34,1.01075869109862,1.049590434954186,0.2298385895907952,1583.4,0.93,837.34,3209.095
Kenya,2015,119510.13684210526,10529136.583333334,2111.5040772727275,0.73,102.83270270270268,2.35,0.8028942358820321,0.8187757338884112,0.265475388434346,1772.7,1.148,1262.61,3201.855
Kenya,2016,123312.3894736842,11481702.333333334,2178.790767636364,0.6074999999999999,94.3628828828829,1.68,1.0085685674474767,1.0510703794906082,0.2160204673163399,1383.1,1.15,1098.98,3075.775
Kenya,2017,116559.68421052632,10931663.833333334,2195.4327226363635,0.5606249999999999,96.6754054054054,1.58,1.3760246614113094,1.375655751695302,0.3873980982862146,1426.0,1.393,1280.97,3131.6449999999995
Kenya,2018,126414.74736842106,11428399.666666666,2159.407355,0.57,104.5137837837838,1.61,0.9398745199698062,1.0384231486649418,0.2296251078634128,1709.2,0.505,1705.6899999999996,2790.285
Kenya,2019,128918.34736842103,14423878.083333334,2278.210066818182,0.636875,109.42063063063058,1.86,1.0824991387857577,1.163814174341106,0.3310389938372227,1604.7,1.467,1318.52,3337.24
Kenya,2020,123418.32631578948,15260726.583333334,2279.6147221818183,0.706875,131.02567567567567,2.14,1.5788335964094942,1.3550256675179324,0.1590930665334086,1842.6,1.17,1528.15,2825.095
Kenya,2021,122212.94791666669,13925013.0,2314.2127675454544,0.61375,129.43666666666664,1.91,1.4054648294477,1.248427458799491,0.225017074449028,1522.4,1.232,1112.32,3051.765
Kenya,2022,127203.54166666669,12616996.25,2314.6514133636365,0.5537500000000001,146.97360360360358,1.7,0.7550418702309394,0.7172599033373293,0.2611483891466575,1477.4,1.233,1631.6,2754.85
Kenya,2023,134855.70833333334,13924827.833333334,2326.232390272728,0.5881249999999999,148.98693693693698,1.86,1.235550219262122,0.7462049715482882,0.4999046820722235,1757.5,1.413,1765.27,2984.945
Kenya,2024,133398.91666666666,15157862.0,,,156.2281981981982,,,,,1693.1,1.736,1944.92,2952.455
Lesotho,1990,34508.666666666664,528611.4545454546,60.3037641,0.631875,4626.184827586205,0.62,0.0144891138457967,0.1159129107663742,0.0028978227691593,1036.9,0.31,694.9599999999999,833.865
Lesotho,1991,23257.866666666665,525166.7272727273,59.585364000000006,0.626875,2387.625666666667,0.62,0.034396963894652,0.1719848194732604,0.0472958253551466,460.3,0.467,907.31,621.12
Lesotho,1992,22906.13333333333,521847.1818181818,61.20821099999999,0.6643749999999999,2351.253666666667,0.68,0.0305595008032769,0.1746257188758684,0.0436564297189671,612.1,0.92,563.4300000000001,851.1050000000001
Lesotho,1993,23274.93333333333,509108.1818181818,55.7991615,0.648125,4588.971666666667,0.67,0.0429646773066284,0.1718587092265138,0.0429646773066284,972.6,0.967,846.08,829.56
Lesotho,1994,39580.53333333333,523875.9090909091,58.04895519999999,0.6318749999999999,5497.511666666668,0.65,0.0328444285743151,0.050529890114331,0.050529890114331,818.2,0.052,639.3599999999999,695.28
Lesotho,1995,16349.866666666669,476042.2727272727,59.5458842,0.61125,6795.421666666671,0.62,0.1164535490605356,0.1223251565761929,0.1223251565761929,776.4,0.675,773.9700000000001,830.7150000000001
Lesotho,1996,32436.8,432990.9090909091,61.94769269999999,0.600625,6410.962666666663,0.61,0.064186356237358,0.0616583633404015,0.0616583633404015,1183.6,-0.292,906.59,490.5200000000001
Lesotho,1997,30937.466666666667,455839.8181818182,65.44151070000001,0.6212499999999999,5947.582666666669,0.64,0.0519111670423331,0.0646465342992941,0.0646465342992941,1015.8,0.184,815.51,872.855
Lesotho,1998,20320.93333333333,345516.1818181818,55.962188100000006,0.5706249999999999,5482.514666666668,0.55,0.0885786085940891,0.1033417100264372,0.1033417100264372,1353.3,0.867,711.56,900.775
Lesotho,1999,28586.666666666668,546616.6363636364,58.4089326,0.7068749999999999,5048.507666666667,0.78,0.0651702425373111,0.0659398320895499,0.0451609141791028,943.3,1.145,580.9000000000001,1186.5749999999998
Lesotho,2000,31925.6,520103.8181818182,65.52807229999999,0.6906249999999999,4628.496333333333,0.74,0.1071240634475121,0.0759891748314808,0.0672814293231742,718.8,0.234,923.45,633.45
Lesotho,2001,38412.066666666666,513557.6363636364,68.7877612,0.69,4453.342000000002,0.73,0.1278244162858513,0.0886440198479274,0.0787773286519319,995.5,0.45,911.41,728.8700000000001
Lesotho,2002,31244.33333333333,477759.9090909091,77.2235679,0.6449999999999999,4604.903666666667,0.66,0.1041468853018647,0.0251565617231916,0.0118421473760571,736.3,0.491,661.6800000000001,748.7850000000001
Lesotho,2003,29849.066666666666,461968.3636363637,78.3230008,0.6643749999999999,4136.178000000001,0.68,0.068846373755961,0.0171529651401713,0.0146738256472559,609.1,0.904,631.15,964.8249999999998
Lesotho,2004,27748.533333333333,450092.6363636364,86.602989,0.6549999999999999,3674.499333333333,0.64,0.0188478430091193,0.0198208674092077,0.0,595.4,1.004,729.99,1013.215
Lesotho,2005,25183.066666666666,505641.7272727273,88.9507431,0.7081249999999999,4125.693000000001,0.7,0.0057975464994994,0.0390341658151229,0.0011912766779793,686.8,1.105,781.18,842.3399999999999
Lesotho,2006,29721.733333333334,491268.1818181818,90.6531474,0.6956249999999999,4117.123333333332,0.68,0.0280602746362921,0.0207255745515059,0.0113385042595089,490.8,0.453,1039.5500000000002,654.6450000000001
Lesotho,2007,28209.733333333334,491294.4545454545,91.8386557,0.7118749999999999,4067.2770000000014,0.7,0.0349170262746179,0.0296351613863762,0.0287134936877568,414.4,0.775,680.0700000000002,723.2850000000001
Lesotho,2008,29678.93333333333,538997.0,98.2678857,0.6918749999999999,2788.111666666667,0.65,0.0114559373202986,0.007816992524439,0.0095353831224838,374.5,0.637,805.0500000000002,913.145
Lesotho,2009,27690.266666666663,541099.4545454546,101.218709,0.7006249999999999,3526.300000000001,0.66,0.018056886414961,0.0092812396172899,0.0076922336127734,402.2,0.402,685.58,822.775
Lesotho,2010,31061.866666666665,523067.8181818182,98.4101748,0.69375,2360.0726666666646,0.65,0.0081450352844213,0.0040886145498874,0.0040564207345339,909.1,1.211,830.05,1004.28
Lesotho,2011,25302.533333333333,515806.3636363637,108.68394270000002,0.775,2264.104,0.68,0.0707043826968549,0.0019760867159545,0.0019365649816354,664.3,0.293,841.4399999999997,793.51
Lesotho,2012,24773.066666666666,517313.6363636364,105.456027,0.7637499999999999,2318.0109999999995,0.68,0.0261978062196568,0.0032293135555817,0.0023816187472415,655.6,0.699,751.5899999999999,875.2249999999999
Lesotho,2013,23310.266666666663,529492.4545454546,116.11147320000002,0.6674999999999999,109.58733333333336,0.64,0.1894015226480954,0.0063491337150437,0.0031316673053931,769.0,0.745,636.2900000000001,944.025
Lesotho,2014,27162.0,513569.7272727273,110.5190752,0.661875,107.623,0.63,0.1707164420882052,0.0038288785803694,0.0033134526176274,683.2,0.69,701.06,816.69
Lesotho,2015,21133.733333333334,511140.2727272727,114.7725784,0.624375,100.56967741935485,0.62,0.0708819391431043,0.0034541932960257,0.0009463543276782,661.5,1.236,512.84,1032.0
Lesotho,2016,9798.8,500994.4545454545,124.6563111,0.606875,92.05290322580645,0.57,0.1553251418540887,0.0320447401722627,0.0130628240192663,471.4,1.74,764.02,1127.7249999999997
Lesotho,2017,34120.666666666664,652778.9090909091,122.71460781818182,0.66125,127.91870967741932,0.62,0.041089466794317,0.0295422129305788,0.0289267501611917,990.2,0.902,774.65,692.075
Lesotho,2018,34634.4,561948.4545454546,131.40627054545456,0.615,121.22290322580643,0.56,0.0876873859515369,0.0541080544198815,0.0537904511121874,715.9,0.69,650.3900000000001,876.21
Lesotho,2019,8980.533333333333,500766.4545454545,140.59093809090908,0.569375,79.11516129032256,0.55,0.3402915936692319,0.0286174540487541,0.0046767823737263,705.0,1.609,711.34,1137.89
Lesotho,2020,12122.466666666667,303951.54545454547,142.51511618181817,0.4812499999999999,82.20645161290322,0.38,0.2254491660112992,0.0387709872028213,0.0427305773852371,436.8,0.728,864.35,873.99
Lesotho,2021,20979.33333333333,378268.2727272727,149.84201236363634,0.520625,102.0,0.44,0.1430932028345287,0.0169214147256021,0.0094378594807583,972.6,0.78,1457.98,779.4949999999999
Lesotho,2022,19924.0,741002.1818181818,157.42267963636365,0.6799999999999999,106.93806451612905,0.77,0.0959144750050142,0.0125978719132697,0.0031620156595059,728.9,0.889,951.54,836.5899999999999
Lesotho,2023,28524.2,658471.0,155.5352859090909,0.558125,117.39096774193548,0.52,0.0754447101058022,0.0181249605598047,0.015215150644014,803.5,0.888,872.2500000000001,862.235
Lesotho,2024,18221.733333333334,592563.8181818182,,,95.76903225806451,,,,,603.5,1.282,694.98,999.825
Liberia,1990,22241.696969696968,122673.33333333331,155.142358,0.2643749999999999,63.76931818181818,0.53,0.0044960598166695,0.0044960598166695,0.0044960598166695,1028.6,0.607,2247.9,5672.615000000001
Liberia,1991,17170.333333333332,119066.66666666669,150.44127199999997,0.27875,61.61113636363638,0.47,,,,909.1,0.537,1917.94,5419.655000000001
Liberia,1992,18438.33333333333,118822.22222222222,150.88884555555555,0.256875,69.64886363636366,0.46,,,,916.7,0.235,1461.25,5618.58
Liberia,1993,15010.363636363636,117711.11111111112,149.91001822222222,0.2375,70.37772727272726,0.42,,,,1083.3,0.486,1685.2000000000005,5789.45
Liberia,1994,13488.39393939394,117711.11111111112,148.28999688888888,0.233125,68.36477272727274,0.41,,,,1111.1,0.455,1908.8800000000003,5448.220000000001
Liberia,1995,13454.727272727272,117711.11111111112,147.94847888888887,0.2324999999999999,69.64204545454547,0.4,,,,1124.0,0.552,2014.93,5685.765
Liberia,1996,15878.848484848484,117711.11111111112,149.042613,0.215,73.44931818181819,0.31,,,,1249.3,0.499,1267.0100000000002,6032.77
Liberia,1997,21822.18181818182,117711.11111111112,152.955508,0.20875,80.89704545454548,0.31,,,,1245.6,0.908,1844.14,5731.1
Liberia,1998,24438.060606060608,117711.11111111112,157.72427699999997,0.20625,83.8045454545455,0.33,,,,1293.4,1.261,2703.95,5836.36
Liberia,1999,25202.030303030304,117711.11111111112,160.5703007777778,0.199375,87.4231818181818,0.32,,,,1277.2,0.737,1818.91,5473.895
Liberia,2000,25876.030303030304,118933.33333333331,164.2610327777778,0.205,90.14386363636363,0.31,,,,1278.0,0.47,1981.49,5426.625000000002
Liberia,2001,25127.78787878788,119000.0,169.76199200000002,2.9181250000000003,90.01863636363636,15.95,,,,1115.4,0.492,1412.6699999999998,5496.16
Liberia,2002,24789.272727272728,119044.44444444444,172.15441733333333,2.8487500000000003,90.47204545454548,15.61,0.0757989159533785,0.0238812976287387,0.0260999992665438,916.7,0.833,1026.12,6202.205
Liberia,2003,25039.757575757576,119111.11111111112,174.003338,2.84375,91.36159090909094,15.37,0.0779560262951493,0.0282750341275439,0.0307111599492673,833.3,0.944,1252.48,6282.0
Liberia,2004,25487.484848484848,119155.55555555556,177.8050101111111,2.813125,94.32818181818185,15.02,0.0685434443761438,0.0197744109705646,0.0354683879313303,916.7,0.895,1292.7,6167.514999999999
Liberia,2005,25682.60606060606,119222.22222222222,182.7563977777778,2.696875,96.29522727272727,14.69,0.0864398260348321,0.0227391254073612,0.0244134103260539,1290.0,1.011,1043.81,6306.630000000001
Liberia,2006,26341.424242424244,128411.11111111112,187.7228091111112,2.591875,97.83909090909091,14.59,0.0896686518641534,0.0403926526602282,0.0448343259320767,1261.5,1.019,1125.39,6325.419999999999
Liberia,2007,28901.696969696968,138357.77777777778,191.11750244444443,2.4424999999999994,98.92568181818184,14.2,0.0416930535692552,0.0227668292519252,0.0331814426331251,1448.8,0.927,1177.27,6143.49
Liberia,2008,29609.33333333333,149060.0,192.89105522222223,2.3531250000000004,96.92636363636362,13.98,0.0578871526995972,0.018946728509028,0.0346850092313222,1553.4,0.984,2188.16,5821.91
Liberia,2009,31276.939393939392,160771.11111111112,196.5487947777778,2.383125,92.72659090909087,14.34,0.0561116283756336,0.0249385015002816,0.0286792767253238,1183.5,1.138,1994.93,5515.375
Liberia,2010,31846.18181818182,173622.22222222222,204.36153766666664,2.239375,92.17545454545451,13.51,0.1009226166687568,0.0370845084896707,0.0393767770076605,1178.6,1.291,2524.8300000000004,5660.694999999999
Liberia,2011,32203.18181818182,177604.44444444444,209.9077381111112,6.050625000000001,95.40386363636362,39.09,0.0658941098423342,0.0216748768472899,0.0289101867404397,1216.9,0.967,1619.69,5529.874999999999
Liberia,2012,33680.454545454544,178804.44444444444,214.11535866666668,5.84625,98.43204545454545,38.39,0.088122326140057,0.0387761987664806,0.0347976301334726,1205.2,0.733,1852.72,5542.06
Liberia,2013,31096.878787878788,181315.5555555556,217.63127111111115,5.717499999999999,96.70204545454544,37.75,0.1137091611064895,0.0346980160729361,0.0328650346863213,1206.3,0.84,2079.92,5478.105
Liberia,2014,31588.60606060606,181537.7777777777,214.6112973333333,5.636249999999999,96.31204545454553,37.35,0.1099130488169846,0.0337146880731822,0.0339362869619261,1156.8,0.799,2959.66,5454.594999999999
Liberia,2015,31662.0625,181934.0,216.2358553333333,5.571875,99.19909090909093,37.16,0.0915290973226999,0.0437747856760738,0.0389109206009545,1231.3,1.125,2449.14,5326.089999999999
Liberia,2016,38933.0,181851.0,217.6522316666667,4.694375000000001,104.48886363636366,31.3,0.1051806950401945,0.0436904425551577,0.0384763568181224,1160.8,1.359,1742.63,5842.575000000001
Liberia,2017,32369.878787878788,181863.66666666663,220.8124373333333,4.616875,98.8413636363636,30.78,0.1557003049973458,0.0663888800474794,0.0648751270822274,1059.5,1.333,1842.65,5822.799999999999
Liberia,2018,33192.63636363636,181859.88888888888,221.602687,4.5043750000000005,100.22772727272726,30.26,0.1522626869595894,0.0577839005913123,0.0537769877765863,1083.6,1.119,2541.66,5679.49
Liberia,2019,35678.757575757576,181881.7777777777,236.3000848888889,4.468125000000001,102.2581818181818,30.17,0.1455768180540285,0.0502259641803656,0.042574352449763,1128.2,1.216,2436.1000000000004,5769.345000000001
Liberia,2020,36430.333333333336,181906.3333333333,231.8241503333333,4.3481250000000005,104.2479545454546,30.03,0.1614039582399238,0.0574521232306395,0.0609107794786379,1148.1,1.338,2308.37,5589.6
Liberia,2021,37623.24242424242,180577.0,236.12789522222224,1.82375,105.79818181818182,12.2,0.114610004937306,0.0468859111107161,0.0444671934740521,1051.9,1.234,2458.71,5677.410000000001
Liberia,2022,37538.454545454544,180137.88888888888,242.16256200000004,1.790625,106.78022727272725,12.22,0.0777602603875278,0.037108613470307,0.0406516469172207,1066.7,1.341,2678.9200000000005,5478.235
Liberia,2023,42563.545454545456,179790.33333333334,241.14033244444445,1.7525,111.33068181818182,12.24,0.0685798132845205,0.0327275367952508,0.0358522764892697,1136.8,1.27,1735.63,5817.03
Liberia,2024,43275.27272727273,179488.22222222222,,,112.06772727272728,,,,,1111.7,1.548,1903.64,6091.835
Libya,1990,25290.62962962963,1116433.3333333333,893.2380438181818,4.07875,74136.72460317462,0.21,1.3839117694007042,1.6211537870122532,0.0632645380297464,674.5,0.578,48.150000000000006,4900.26
Libya,1991,24097.87037037037,1111633.3333333333,936.9096027272728,4.13875,148.94730158730155,0.21,1.4524105019268811,1.9711285383293389,0.0954441186980522,701.0,0.302,36.66,4772.820000000001
Libya,1992,21824.555555555555,1102250.0,964.9191114545454,3.5675000000000003,147.67412698412693,0.2,1.2233926107696682,2.7033769301651844,0.0183279791875605,702.1,-0.348,16.470000000000002,4471.65
Libya,1993,21898.36,1181272.7272727273,1023.6055097272724,3.35375,147.778253968254,0.21,1.580026997455445,3.255951587242001,0.2283276007883591,696.5,0.339,12.51,4760.88
Libya,1994,21382.2,1184090.9090909092,1143.0453797272728,3.88375,152.11269841269848,0.22,1.1411360851548886,2.0811703192374,0.2619000851175154,676.2,0.447,31.04,4662.06
Libya,1995,20409.38,1203000.0,1292.6371537272726,4.095000000000001,159.38047619047612,0.24,1.4699123638247966,2.694839333678794,0.1959883151766395,679.1,0.321,52.18000000000001,4736.9400000000005
Libya,1996,21633.54,1276327.2727272727,1286.9276503636363,4.065,157.53777777777782,0.26,0.7673270301577657,1.86747060351649,0.2496124074007189,678.0,0.569,15.32,4853.380000000001
Libya,1997,22532.04,1218094.5454545454,1402.675192909091,3.7175,153.95111111111115,0.21,0.7766717971386178,1.8151929430268268,0.1464581103175679,836.9,0.466,62.06999999999999,4816.9800000000005
Libya,1998,24746.22,1361045.4545454546,1587.3579957272727,3.61,150.5974603174603,0.22,0.8082042429106017,1.0910757279293124,0.1414357425093553,705.7,0.758,21.79,4943.33
Libya,1999,27443.34,1206545.4545454546,1618.2619175454545,3.42375,150.33809523809515,0.24,1.5887279026531906,1.2644233537171037,0.2987974495815633,652.1,1.208,25.72,5054.494999999999
Libya,2000,27647.36,1021729.0909090908,1698.6778383636365,3.5093750000000004,11246.58507936508,0.2,1.1465832542419547,0.6510567374244538,0.1917000393527558,637.7,0.254,27.35,4620.099999999999
Libya,2001,26260.52,1090370.9090909092,1790.3479977272727,3.36875,28734.436984126987,0.2,0.7882555257854457,1.7897589232809636,0.2094398740009638,619.4,1.237,11.41,5175.45
Libya,2002,26406.64,1116181.818181818,1534.4911069090908,3.218125,27099.88507936508,0.2,1.1663733061078136,1.1874286164388508,0.1203863876661279,632.3,0.885,14.919999999999998,5048.835
Libya,2003,27789.32,1243909.0909090908,1590.6574501818184,3.405,18097.81730158731,0.23,0.8564441303349324,0.4037162478246893,0.0165171367993165,620.0,0.959,8.780000000000001,5266.260000000001
Libya,2004,30238.06,1372727.2727272727,1606.0611997272729,3.398125,29804.51444444445,0.23,0.978898778559174,0.6787141767692544,0.0107480440213422,620.0,0.729,4.58,5131.235
Libya,2005,31226.74,1464636.3636363635,2139.6480044545456,3.729375,33417.90380952381,0.34,1.0247627514110975,0.6319583792608312,0.0234094241025472,622.8,0.695,24.28,5117.365000000001
Libya,2006,30116.92,1598090.9090909092,2097.629052,3.48375,32087.1153968254,0.33,1.0625256500332352,0.7475199987249445,0.0181957517568191,622.6,0.727,18.53,4925.695000000001
Libya,2007,30164.18,1690381.818181818,1830.1790967272725,3.21125,28466.89619047619,0.33,1.0608609284256671,0.6180840984240042,0.0872558113630111,623.0,0.718,15.69,5017.895
Libya,2008,30194.28,1690636.3636363635,1797.929519727273,3.2537500000000006,107.70142857142856,0.29,1.0598033799778943,0.5427849248268035,0.1025359770128613,621.7,0.744,28.75,5141.735000000001
Libya,2009,30251.02,1746363.6363636365,1988.900787909091,3.096875,34416.537777777805,0.29,1.0578155711773998,0.8125676423472394,0.0669068348769705,634.1,0.618,14.73,5221.625
Libya,2010,32446.08,1820272.7272727275,2084.9065213636363,3.335625,46145.419523809534,0.3,0.9862516519714866,1.0074868828529977,0.0453983963548124,669.9,1.921,4.909999999999999,5593.774999999999
Libya,2011,34820.64,1820954.5454545447,1804.112184909091,2.358125,47725.08476190478,0.27,0.9161233107719756,1.4072113551042886,0.0010913067651829,664.5,0.686,51.19,5005.365000000001
Libya,2012,36810.88,1821318.1818181816,1939.331016272727,3.036875,47726.519682539714,0.27,0.8801745570874461,1.3392779526052805,0.022140193334144,681.4,0.631,42.56,4937.219999999999
Libya,2013,37644.94,1839681.818181818,2089.8784635454545,2.481875,47724.14015873016,0.27,0.8287966457111945,0.8044374622459006,0.0211183760686025,663.8,1.022,27.180000000000003,5009.490000000001
Libya,2014,37701.38,1677208.3333333333,2005.64205,2.675625,100.48428571428578,0.27,0.4641739904480828,0.5531892997020122,0.0281422059351666,666.8,1.147,9.27,5145.384999999998
Libya,2015,33575.48,1672384.4166666667,1802.281021272728,2.411875,99.24825396825396,0.27,0.4169709561858709,0.3574036767307464,0.028502943219277,665.3,0.63,32.89,4841.395
Libya,2016,36966.54,1673083.25,1918.838745,2.296875,100.26698412698413,0.27,0.4247083984597848,0.2891263288368268,0.013904466038747,669.9,1.54,12.24,5205.375
Libya,2017,31576.48,1676690.9166666667,1955.3022105454545,2.5687500000000005,98.46158730158731,0.28,0.8170638399213334,0.5946514621008866,0.0073472407310755,676.0,0.236,21.40000000000001,4785.94
Libya,2018,34096.52,1721025.75,2200.2543845454547,2.6775,99.87031746031748,0.28,0.4428604444089766,0.3698324638408738,0.0153974657824313,680.5,1.682,32.120000000000005,5257.515
Libya,2019,30717.88,1766188.8333333333,2401.341952818182,3.16875,99.254126984127,0.29,0.4720377838574643,0.5051780917172505,0.0368515014708034,679.7,0.903,15.52,5058.415
Libya,2020,31434.88,1729363.9166666667,2431.7109559090904,2.101875,103.22746031746028,0.28,0.4358216096259812,0.5369194983406796,0.038587708939877,672.4,1.154,28.92,4991.650000000001
Libya,2021,30709.45098039216,1724323.8333333333,2465.9672060000003,2.899375,103.85761904761908,0.28,0.4461167348366774,0.3343596082702922,0.0441883510345526,673.4,1.897,5.529999999999999,5172.56
Libya,2022,30478.666666666668,1732345.5,2501.146859272727,2.858125,104.35825396825396,0.29,0.4494947285532902,0.4237390087055288,0.0477711185966124,671.9,0.556,13.56,4996.51
Libya,2023,29685.15686274509,1761386.5833333333,2498.755239,3.03875,102.1101587301588,0.29,0.4615101096936784,0.7381803674246405,0.0773787388296627,672.2,1.466,126.55,5166.565
Libya,2024,26456.92156862745,1759273.6666666667,,,973.5188888888888,,,,,659.7,2.444,22.61,5306.524999999999
Madagascar,1990,65582.70512820513,1739209.7333333334,813.703417,2.838125,87.46020202020205,1.44,0.0664199500689176,0.0386992271062702,0.0603970207123468,1945.3,0.223,1370.02,2795.645
Madagascar,1991,63599.17283950617,1748717.8666666667,826.8925885000001,2.7543750000000005,78.64939393939395,1.44,0.0588844136298836,0.0366356965974976,0.0534126443526607,1927.5,0.476,1383.9799999999998,2827.2899999999995
Madagascar,1992,62394.71951219512,1758235.6666666667,838.1640421000002,2.6825,77.5618,1.44,0.0631143152944256,0.0262201675524836,0.034025315228559,1934.2,0.405,1915.42,2790.105
Madagascar,1993,65948.85365853658,1768109.6666666667,848.7145513000002,2.619375,81.31660000000002,1.45,0.0905701868743058,0.0238669804353185,0.0536173080173356,1924.4,0.392,1863.53,2602.735
Madagascar,1994,62092.29268292683,1777825.0,860.1455816999999,2.5224999999999995,81.11629999999997,1.43,0.0967591908818643,0.04282335029209,0.0418570467879436,1926.3,0.329,2276.6,2731.9
Madagascar,1995,63196.04878048781,1788084.0,922.2397014,2.4575,83.81309999999996,1.44,0.1222703024810886,0.0425343047844139,0.033720462609965,1968.0,0.415,2169.3500000000004,2795.94
Madagascar,1996,63622.26829268293,1774247.8666666667,930.2245294,2.39125,82.971,1.44,0.1401553298756779,0.0727889797750661,0.0490551513448458,2007.9,0.24,2114.53,2845.7249999999995
Madagascar,1997,64831.19512195122,1766802.6666666667,961.5889117,2.305,84.55420000000004,1.39,0.0560841118717681,0.0462123210032501,0.0442379628295465,2000.8,0.702,2066.83,2872.2700000000004
Madagascar,1998,65428.939024390245,1726392.0,965.2610934,2.2618750000000003,83.4894,1.38,0.0548686873657187,0.041785791436734,0.0359626800477816,1875.4,0.905,2291.4,2866.1850000000004
Madagascar,1999,65549.23170731707,1696781.3333333333,987.6151728,2.1825,85.48209999999999,1.33,0.0655385255952646,0.0345999478701257,0.0199849787080532,1962.3,0.515,1322.59,2808.265
Madagascar,2000,66030.87804878049,1644966.6666666667,990.5216023,2.0900000000000003,84.25540000000002,1.28,0.057488255679345,0.0448426567614701,0.0356499878475179,1890.9,0.556,1622.37,2965.5549999999994
Madagascar,2001,66301.0487804878,1459002.0,997.9336646,2.018125,83.39880000000002,1.48,0.0483401101332679,0.0428047527482728,0.0453688147522215,2020.7,0.705,1902.19,2881.4500000000003
Madagascar,2002,65767.34146341463,1348826.6666666667,995.9177657,1.89875,82.5092,1.43,0.0407953239449776,0.026745797547229,0.0268066180078254,1967.4,0.757,2062.11,2851.87
Madagascar,2003,66401.28048780488,1402223.3333333333,1014.5823127,1.905625,84.07119999999998,1.48,0.070585988185284,0.0142467132117087,0.0199996143183395,2201.7,0.754,2117.41,2848.285
Madagascar,2004,67088.46341463414,1431898.6666666667,987.3547668,1.82,85.77209999999997,1.45,0.042645185988503,0.0280972301951514,0.0287828920460676,2353.2,0.511,1930.2,2871.8900000000003
Madagascar,2005,69144.25609756098,1618212.0,1000.7090464,1.87125,89.44800000000004,1.55,0.1079482291264853,0.0660647790259626,0.0675544183078527,2514.5,0.668,2377.42,2996.2800000000007
Madagascar,2006,70492.03658536586,1636767.3333333333,1018.1694105,1.7875000000000003,91.19319999999998,1.51,0.0542047043196533,0.0293366470905635,0.0239743392567951,2565.3,0.839,1452.9700000000005,2923.73
Madagascar,2007,71133.28048780488,1655142.0,1033.9429286999998,1.7687499999999998,93.9242,1.55,0.06330370213661,0.0358341409607415,0.0362840007138775,2620.1,0.771,2177.29,3021.75
Madagascar,2008,71690.41463414633,1674892.0,1046.5445060999998,1.6918749999999998,92.81300000000002,1.51,0.1046443940697571,0.0330727617087968,0.0411212574936875,2811.3,0.566,1413.92,3026.525
Madagascar,2009,72509.51219512195,1701168.6666666667,1060.5073530000002,1.665625,93.55709999999998,1.54,0.0608333978048288,0.022576348267174,0.0243830077803077,3183.4,0.936,1898.48,3013.58
Madagascar,2010,73031.53658536586,1720325.3333333333,1122.6384842,1.6275000000000002,95.04959595959598,1.54,0.0626852482372291,0.0279331381397875,0.0316849419879746,3271.6,1.211,1442.41,3061.6649999999995
Madagascar,2011,72674.46341463414,1741910.0,1143.7725074,1.668125,96.52434343434346,1.8,0.1191752865182607,0.0231993456956226,0.0311663807832652,3238.0,1.139,1870.21,3106.0399999999995
Madagascar,2012,74736.56097560975,1761884.0,1161.8162154,1.6337500000000005,98.56767676767676,1.81,0.2253114109103197,0.0302395503686277,0.0269747493553776,3289.2,0.932,2208.6400000000003,2927.08
Madagascar,2013,66201.4756097561,1759243.3333333333,1170.8394162999998,1.5700000000000005,95.02949494949496,1.78,0.1549965450994823,0.0336397335480506,0.0288815314521206,3203.2,0.837,2196.62,2976.4150000000004
Madagascar,2014,70875.0487804878,1789049.1333333333,1193.3672064,1.544375,98.93750000000004,1.8,0.2584266298952052,0.0563526949007124,0.0549276517898031,3010.1,0.863,1667.8200000000002,2874.115
Madagascar,2015,67876.31707317074,1816897.6666666667,1221.2024885,1.5100000000000002,98.8635,1.8,0.2422789083012861,0.0392773225619476,0.0512991887324462,3057.8,1.216,1972.68,3099.25
Madagascar,2016,71482.18292682926,1821405.933333333,1240.6102194,1.159375,102.1991,1.53,0.1306199617540699,0.0603227241173342,0.0604066611174974,2852.1,1.187,1427.15,3081.13
Madagascar,2017,70422.14634146342,1825253.6666666667,1259.8948168000002,1.12125,106.61640000000004,1.5,0.4460386630037327,0.0559057087085955,0.0516598852633656,2750.2,1.435,2064.6800000000003,3213.6449999999995
Madagascar,2018,75394.0731707317,1584071.4666666666,1346.9637038,1.069375,128.11289999999997,1.47,0.3805736816344121,0.0615698264436253,0.0592619527251438,2645.1,1.093,1651.8500000000004,2995.995
Madagascar,2019,79775.84146341463,1603158.066666667,1377.5648802,1.06375,125.8302,1.49,0.3031619542501596,0.0750101771442197,0.0710490782174862,2389.0,1.505,1838.43,3310.315
Madagascar,2020,80201.37804878049,1540575.1333333333,1394.4544536,1.0299999999999998,124.1681,1.48,0.2382502703180211,0.0853102548417364,0.0722057418574241,2469.4,1.245,1758.4299999999998,3259.1650000000004
Madagascar,2021,78554.59756097561,1469053.2,1429.7166459000002,1.055,120.6355,1.45,0.1216860667204105,0.0687292681476615,0.058799868415271,2777.3,1.231,1606.3899999999994,3272.62
Madagascar,2022,78220.40243902439,1395577.8666666667,1442.7529854,1.016875,119.41970000000003,1.42,0.1873168577906713,0.0402708232350951,0.0361798189699426,2964.5,0.923,1514.31,3108.505
Madagascar,2023,89989.20731707317,1527534.6,1450.8736469,1.0593750000000002,126.78949999999998,1.52,0.1628195251056511,0.0446053490154302,0.0353709082999786,2465.6,1.385,1659.16,3200.77
Madagascar,2024,90454.9756097561,1440812.8,,,128.46930000000003,,,,,2393.3,1.374,1546.61,3418.2250000000004
Malawi,1990,96790.9387755102,381185.4,164.30286744444444,0.505625,41.86793103448279,2.48,0.309946368735812,0.1343100931188518,0.0516577281226353,991.5,0.702,1081.2000000000005,3815.61
Malawi,1991,97051.07692307692,379639.4,171.2190532222222,0.496875,,2.44,0.4739772237299263,0.1648616430364961,0.082430821518248,1141.0,0.265,1198.95,3750.355000000001
Malawi,1992,92730.28846153848,403568.5,175.24091833333333,0.483125,,2.47,0.5586092835404518,0.1509754820379599,0.0862717040216914,481.6,0.662,1002.31,4007.23
Malawi,1993,93772.34615384616,398833.8,151.1682262,0.479375,,2.48,0.511877989287471,0.2239466203132685,0.0533206238841115,1488.8,0.104,1391.7599999999998,3780.2
Malawi,1994,86300.0,367438.7,150.8044728,0.466875,,2.51,0.1049826187717253,0.0836964078794891,0.0579374275782148,896.4,0.194,998.39,3944.845
Malawi,1995,96679.25,372131.9,154.47628980000002,0.4775,,2.43,0.2917068554007163,0.1067136950276289,0.0517174057514921,1309.2,0.772,1023.1,3912.484999999999
Malawi,1996,100475.48076923077,444397.3,158.6762869,0.47,61.84777777777778,2.38,0.3772064558421698,0.1423232801726392,0.0597160616108975,1390.6,0.587,1251.72,3836.65
Malawi,1997,100203.16981132075,497657.4,160.1204508,0.4574999999999999,56.44765625000001,2.33,0.4111646375816036,0.125744525085636,0.0299391726394371,1054.4,0.65,1119.6899999999998,3866.51
Malawi,1998,104976.41509433962,528965.0,152.19176280000002,0.4581249999999999,59.32734374999998,2.3,0.331503033026283,0.1133587957762289,0.0333408222871261,1322.1,1.018,789.49,4410.65
Malawi,1999,110170.41509433962,495978.1,157.0752195,0.4493749999999999,60.74234375000002,2.25,0.2723054095267821,0.1506756599381527,0.0317689644447912,1745.4,0.247,1232.75,3712.71
Malawi,2000,108828.07272727272,562928.1,172.0423901,0.4418749999999999,62.83531249999999,2.22,0.317822406785412,0.1048994042980879,0.0347980066640556,1675.5,0.769,1010.47,4114.18
Malawi,2001,114980.25454545456,553582.6,177.5129333,0.4274999999999999,66.43968749999999,2.17,0.1459467981379873,0.0469297969580227,0.0461383567202206,1175.5,0.654,1055.66,3934.4850000000006
Malawi,2002,111705.05454545456,553304.6,187.9066395,0.4312499999999999,62.298125,2.23,0.5378718111233788,0.1613355821125032,0.058896171053055,1045.7,0.813,948.16,3893.6
Malawi,2003,120998.53571428572,568019.8,196.7337016,0.4375,65.78215384615386,2.25,0.5040474220614788,0.1707623970656065,0.0957119020625684,1209.0,0.983,1061.5099999999998,3947.65
Malawi,2004,122019.96428571428,633889.9,205.5480876,0.4224999999999999,69.40215384615382,2.21,0.5870350841299634,0.1946156937433232,0.0642599761924199,1020.6,0.702,1368.51,3956.345
Malawi,2005,125917.66071428572,640743.4,215.2094889,0.425625,66.4003076923077,2.19,0.525518022052105,0.1562608444946082,0.0931243475576222,777.8,1.308,679.69,4109.14
Malawi,2006,133975.875,722115.6,218.7192249,0.4125,74.74307692307697,2.13,0.6192084955593639,0.1792561533932868,0.1085717857785955,1444.7,0.942,1087.51,3999.745
Malawi,2007,117364.375,851451.2,226.2667317,0.4174999999999999,82.9609230769231,2.2,0.7185314964613349,0.2161558820553492,0.1317009526953972,2467.0,0.952,1071.75,4255.6
Malawi,2008,134793.7142857143,974729.0,300.2483710909091,0.4268749999999999,83.54430769230765,2.23,0.7284538490561184,0.0926526883407019,0.0713905692931839,1598.7,0.389,935.55,3858.995
Malawi,2009,138362.14285714287,1080445.6,307.28000672727273,0.41,88.81353846153846,2.18,0.5206698777018862,0.1489858394379128,0.1106155172502792,2124.3,0.559,1015.1,3805.41
Malawi,2010,143532.9642857143,1225177.6,310.7611626363636,0.4324999999999999,87.58523076923076,2.38,0.672549337222928,0.1231772790869585,0.1162102384146192,1906.9,1.053,1233.26,4054.935
Malawi,2011,145518.51785714287,1375976.5,319.6813783636364,0.4199999999999999,92.41030769230773,2.35,0.5836920362491872,0.0959946555648225,0.0506808350483618,2094.3,0.667,913.41,3877.625
Malawi,2012,162153.51785714287,1520235.2,329.82526918181827,0.420625,97.33092307692311,2.43,0.3603005397112084,0.1264049048757469,0.0830570941536107,2087.1,0.782,1082.47,4005.24
Malawi,2013,164140.60714285713,1650367.4,340.460172,0.4118749999999999,104.68446153846152,2.41,0.3581380684722158,0.1556165804709672,0.1181426116154326,2068.8,0.614,1169.65,3963.93
Malawi,2014,144810.15384615384,1769050.2,350.19659081818185,0.41625,104.3641891891892,2.45,0.816966192340948,0.0806366106924073,0.0912297905161765,2218.1,0.81,1347.63,3983.085
Malawi,2015,142154.9076923077,1963958.8,362.63781981818187,0.4156249999999999,100.48824324324325,2.49,0.7697729313493168,0.1881468634054559,0.1222398880354672,1590.6,0.841,756.42,4068.225
Malawi,2016,140042.2,2155721.9,386.685534,0.41375,95.14797297297297,2.51,0.4518637953416866,0.1028761330513223,0.0752844499729362,1347.4,1.066,811.2499999999998,4352.084999999999
Malawi,2017,123732.14285714286,2285027.1,403.14126375,0.4056249999999999,107.59743243243244,2.48,0.6987917448405196,0.1945573675855086,0.1415800259777734,1903.1,0.833,1047.77,4145.265
Malawi,2018,123999.8051948052,2712774.0,411.14727975000005,0.4356250000000001,109.8645945945946,2.67,0.7777431573258587,0.1544599200773763,0.1258147137851588,1531.2,0.801,1228.52,3997.419999999999
Malawi,2019,135400.7142857143,3292290.4,440.51384800000005,0.45125,118.1171621621622,2.81,0.563468223949015,0.1485147261303738,0.1308191030855493,1874.0,0.87,1216.7299999999998,3989.32
Malawi,2020,132874.24675324676,3392089.2,457.82875941666674,0.4556249999999999,122.41513513513507,2.86,0.9551437024187528,0.2417850018721911,0.2090247032713368,2004.4,1.128,1386.63,4097.385
Malawi,2021,132639.7922077922,3762002.6,465.8420511666666,0.445625,123.06027027027028,2.83,0.7809798121344892,0.2647621759312185,0.2166619799507761,2319.6,0.973,1099.5500000000002,3958.125
Malawi,2022,134069.94805194804,3876052.5,481.2823956666667,0.4425,123.31851351351348,2.87,0.4729247748752167,0.1458492397746232,0.0886104617225388,1938.6,1.049,1698.7,3852.52
Malawi,2023,134799.84415584416,4277425.3,480.3260125,0.46625,127.47756756756758,3.11,2.032554278647654,0.3369514281299002,0.2226560437658973,1847.1,1.202,1308.09,4076.605000000001
Malawi,2024,128282.81818181818,4525951.6,,,130.4331081081081,,,,,1877.5,1.616,1416.08,3969.605000000001
Mali,1990,147439.91836734695,2947166.6666666665,313.81503644444444,1.7687499999999998,109.67272727272729,1.14,0.0623982982483625,0.0406945423358886,,726.4,0.987,131.69,7114.995000000001
Mali,1991,109265.44444444444,2746082.6666666665,293.7951522,1.7299999999999998,55.81912500000002,1.14,0.0869442306147406,0.0503361335137972,,1055.3,0.733,205.39,6983.565
Mali,1992,125660.90476190476,2764492.833333333,303.1919495,1.6975000000000002,53.75750000000001,1.13,0.0851497927718543,0.1082277739903943,0.0238737736743516,738.0,0.235,127.3,6848.790000000001
Mali,1993,140163.82539682538,2792037.6666666665,296.2401061,1.6737499999999996,57.19750000000001,1.11,0.0856141016844115,0.0713450847370096,0.0214035254211028,762.8,1.072,109.15,6979.969999999999
Mali,1994,137620.2857142857,2828303.1666666665,303.2870439,1.6543749999999997,54.937875000000005,1.05,0.0871964473676009,0.0435982236838004,0.0508645942977672,817.8,0.24,260.34000000000003,6606.07
Mali,1995,129421.31746031746,2964151.583333333,314.37621500000006,1.638125,57.13974999999998,1.06,0.0927204284076252,0.0618136189384168,0.0540869165711147,810.1,0.602,196.22,6882.169999999999
Mali,1996,116983.44444444444,3042340.0,321.470806,1.646875,54.450125,1.07,0.1025786174871839,0.0743694976782083,0.0564182396179511,1100.6,1.223,98.42,7139.605
Mali,1997,120062.14285714286,3129375.5,330.4683603,1.63,54.714250000000014,1.04,0.213222914324128,0.099948241089435,0.0849560049260197,1063.9,0.902,123.24,7052.070000000001
Mali,1998,124040.58730158732,3353856.333333333,320.4872898,1.7087499999999998,57.57824999999999,1.09,0.1402766657150227,0.1273776619711126,0.1023858422172867,1204.2,1.262,146.17000000000002,7463.540000000001
Mali,1999,136926.890625,3604687.75,330.6231708,1.7074999999999998,60.21938271604937,1.12,0.1321873294382337,0.1175809946936775,0.1139294110075384,1174.1,0.46,218.45,6739.460000000001
Mali,2000,112996.03125,3839708.4166666665,344.1766294,1.6425000000000003,59.21296296296294,1.1,0.1124729767887302,0.1200838635648973,0.1200838635648973,1006.5,0.696,127.95,7037.724999999999
Mali,2001,143140.390625,3916352.4166666665,362.4457427,1.6618750000000002,62.23617283950619,1.15,0.0978060765299794,0.0978060765299794,0.0978060765299794,986.3,0.622,107.98,7086.949999999999
Mali,2002,157045.515625,4211164.5,371.7838087,1.636875,61.06629629629629,1.15,0.3358516783500144,0.1206783901124198,0.1180358441068978,788.6,1.248,82.97000000000001,7209.755
Mali,2003,174727.25,4401629.166666667,386.810419,1.614375,65.51580246913579,1.14,0.2555010738164753,0.0966248824954316,0.0852986583374941,981.4,1.252,236.62,6986.7300000000005
Mali,2004,138989.921875,4696721.333333333,369.32974818181816,1.645,66.71074074074075,1.22,0.3350674593650257,0.122016040956206,0.1309951092452175,1206.5,1.243,154.68,7028.070000000001
Mali,2005,163557.171875,4811073.666666667,389.01341081818185,1.6212499999999996,70.65740740740739,1.22,0.3084548321644773,0.1012979119782172,0.1015241325687045,1089.5,1.448,141.17000000000002,7182.46
Mali,2006,164217.390625,4824750.0,406.26132654545455,1.5718749999999997,71.30444444444443,1.22,0.3796370150732909,0.1169181895225957,0.1201699766686929,1124.8,1.159,179.82999999999998,6869.685
Mali,2007,161268.8,5236485.583333333,433.06672772727273,1.55625,81.94634146341461,1.23,0.2286803151012457,0.0960012104015154,0.1624616788864296,1101.2,1.015,144.73999999999998,7113.08
Mali,2008,157199.72307692308,5432261.5,453.762284,1.5524999999999998,83.92268292682927,1.26,0.4139765562319422,0.0444148365107706,0.2088616910853813,1397.7,0.631,117.63,6952.139999999999
Mali,2009,152618.3076923077,5675236.166666667,464.7707964545455,1.4993749999999997,87.32878048780486,1.24,0.4348560864257612,0.117404001334651,0.1710148696748741,1800.4,1.038,184.77,7054.74
Mali,2010,167085.44776119402,6191051.833333333,467.8231392727273,1.50125,85.47764705882355,1.28,0.4049305364803489,0.1726840989841187,0.1159107526089289,1452.8,1.71,224.17,7328.349999999999
Mali,2011,246743.14925373133,6464772.333333333,486.0113042727273,1.5312499999999998,93.03388235294118,1.34,0.2263406306068099,0.0247342226864589,0.0,1046.8,1.285,165.23000000000002,7031.014999999999
Mali,2012,206138.776119403,6750901.5,493.6652780909091,1.5137499999999997,86.3734117647059,1.36,0.2871075549886753,0.0,0.0,1506.8,0.534,307.45,6794.975
Mali,2013,209293.2985074627,7050884.583333333,546.2688397999999,1.4974999999999998,89.79000000000002,1.37,0.3561652500657669,0.0596435723887013,0.0310760069547475,1512.4,1.101,225.78,6991.49
Mali,2014,209616.8235294117,7365122.166666667,560.0427079,1.4775000000000005,90.46035294117644,1.38,0.4288873311134078,0.1349032941338896,0.0797693606765955,1550.7,0.965,192.72,7015.950000000001
Mali,2015,233767.85294117648,7693110.083333333,590.6906526,1.4675,94.65799999999996,1.4,0.450280047815157,0.1885374718785232,0.1152297018648586,1575.5,1.183,283.81,6864.125
Mali,2016,257373.0735294117,8396184.416666666,638.1829983,1.428125,114.88129411764706,1.36,0.4686581946817972,0.2326156313828926,0.1443585356094138,1607.5,1.264,282.71,7241.99
Mali,2017,265561.85294117645,9062110.833333334,671.2821013999999,1.4037500000000005,115.16717647058825,1.37,0.3878230207363884,0.1320295050349958,0.077699412665909,1601.9,1.522,312.44,6903.86
Mali,2018,277995.7205882353,9469574.833333334,705.8834483000002,1.39125,126.5483529411765,1.39,0.3704769259831483,0.1261242436603309,0.0742241641574145,1728.9,1.192,326.43,6793.31
Mali,2019,277726.26470588235,9896151.416666666,731.8868921999999,1.3881249999999998,130.7401176470589,1.42,0.5661221856942698,0.1701891610793652,0.123258057844303,1767.7,1.254,292.59,6744.125
Mali,2020,255619.58823529413,10342752.083333334,778.0261539999999,1.3875000000000002,141.52823529411762,1.45,0.4017336883645788,0.1184885720577885,0.0751976800084129,1686.0,1.226,328.33,6946.649999999999
Mali,2021,286337.1176470588,10810346.666666666,816.5210162999999,1.331875,149.11623529411764,1.41,0.1595462033542933,0.0475977411241498,0.0285013695292528,1441.2,1.9,141.89,7291.184999999999
Mali,2022,283199.9411764706,11299877.666666666,800.8487648000001,1.3125,162.62776470588233,1.43,0.0734322186424512,0.0237959088974552,0.1283898571763574,1671.0,1.073,174.51000000000005,6950.700000000001
Mali,2023,294897.6176470588,11812458.416666666,814.4974902,1.303125,154.20600000000005,1.46,0.1801303124244809,0.0245034193821404,0.0368873783613234,1587.6,1.723,192.03,7151.66
Mali,2024,291564.3676470588,12349183.583333334,,,154.86482352941186,,,,,1656.3,1.727,146.29000000000002,7303.47
Mauritania,1990,16995.083333333332,2082650.0,105.8257136,1.7075,65.0671794871795,0.17,0.2059419145733203,0.0235362188083794,,869.8,1.433,40.05,6115.254999999999
Mauritania,1991,19491.04,2157250.0,111.1474051,1.715,65.2551282051282,0.18,0.230875315016529,0.0333486566134986,,673.7,0.784,68.21000000000001,5764.82
Mauritania,1992,17066.6,2066810.0,115.853739,1.613125,61.24589743589744,0.17,0.3608217219598303,0.0659182262430674,,862.1,0.803,16.369999999999997,5757.085
Mauritania,1993,23133.76,2128510.0,116.0370627,1.591875,68.42615384615385,0.18,0.1721726169891893,0.0270167927738496,,849.0,0.935,66.14000000000001,5604.600000000001
Mauritania,1994,32491.92,2110181.0,121.1471233,1.514375,77.8910256410256,0.17,0.1231075295027156,,,667.8,0.614,91.29,5887.909999999999
Mauritania,1995,30074.96153846154,2116795.0,126.982214,1.486875,80.94599999999997,0.17,0.133001001344073,,,772.3,1.142,66.64,5720.57
Mauritania,1996,29522.57692307692,2423256.0,126.9004381,1.5706250000000002,84.06099999999999,0.19,0.1693619094643286,,,849.6,1.491,20.37,6061.139999999999
Mauritania,1997,24023.57692307692,2509056.0,130.117614,1.61375,77.29374999999999,0.19,0.0633544290624728,0.0083251549359359,,782.1,1.188,53.09000000000001,5837.3150000000005
Mauritania,1998,25046.653846153848,2698676.0,130.2884167,1.65125,74.96475000000001,0.2,0.0718658871981949,,,894.5,1.666,66.82,5998.865000000001
Mauritania,1999,27119.76923076923,2961293.2,139.39042089999998,1.7225,79.08424999999998,0.22,0.0884963282533004,,,864.2,0.49,38.32,5877.780000000001
Mauritania,2000,25855.5,3089455.2,140.7074528,1.7600000000000002,82.44599999999997,0.23,,,,864.4,1.129,37.18000000000001,5968.870000000001
Mauritania,2001,25084.23076923077,3223269.0,143.5402795,1.740625,77.98575000000002,0.23,0.1156104816081157,,,639.1,1.254,15.78,6210.320000000001
Mauritania,2002,18452.5,3353094.8,153.62981789999998,1.71875,73.37100000000001,0.23,0.0687711692182593,0.0236824278553028,0.0259043490041985,1011.8,1.251,12.94,6069.845
Mauritania,2003,27511.5,3380016.0,160.63599339999996,1.7156249999999995,84.24324999999997,0.23,0.0535048979517636,0.0194100648819577,0.0210820929429503,797.7,1.265,37.85,6203.450000000001
Mauritania,2004,24124.68,3349040.0,167.3758264,1.6718750000000002,74.71794871794872,0.23,0.0541354330917527,0.0156271502875886,0.0280210970674003,637.5,1.399,13.58,5929.47
Mauritania,2005,26725.48,3356340.0,172.7330684,1.66,84.03948717948718,0.23,0.0621504272327358,0.0163514369059034,0.0175487961301343,841.2,1.295,35.7,6048.955
Mauritania,2006,30679.68,3416660.0,175.31712290000002,1.6775000000000002,86.34538461538462,0.24,0.057562529987273,0.025945511817593,0.0287812649936365,661.3,1.349,25.910000000000007,5949.185
Mauritania,2007,31547.56,3356060.0,185.0681781,1.6218750000000002,84.33076923076923,0.24,0.0285917516283342,0.0155955008881822,0.0227592878815343,705.8,0.96,21.9,5937.565
Mauritania,2008,30674.64,3087345.0,189.3524682,1.4656250000000004,85.58179487179486,0.22,0.0407828747134427,0.0133334898143869,0.0244501646963085,765.8,1.211,69.17999999999999,5899.82
Mauritania,2009,30703.52,3275415.8,205.6745131,1.51625,91.73102564102562,0.23,0.0404513879841776,0.0179783946596345,0.0206816677696882,713.3,0.88,51.66,5896.750000000001
Mauritania,2010,32795.96153846154,3414892.4,194.3817015,1.530625,93.37300000000002,0.24,0.0683010924187408,0.0250945531520641,0.0266496226669551,955.2,1.937,128.21999999999997,6411.795
Mauritania,2011,21878.153846153848,3565615.6,211.25504600000005,1.51125,86.24874999999999,0.24,0.0633051586408611,0.0207970015751565,0.0277445713321319,1374.5,1.578,39.48,5970.155
Mauritania,2012,36281.96153846154,3738714.9,220.3348988,1.5174999999999998,98.32225,0.25,0.0530015445267871,0.0233173721631107,0.0209194863732872,1034.4,0.852,34.18,5934.495
Mauritania,2013,31079.346153846152,3888600.6,229.4569672,1.488125,96.03125000000004,0.25,0.0737145494843818,0.0224908206414591,0.0213003194057882,1197.0,1.409,47.45,5963.395
Mauritania,2014,26580.615384615383,3806920.0,231.57624500000003,1.4968750000000004,99.24025,0.26,0.0846105316772167,0.0259587669440994,0.0261468739509407,1678.8,1.319,12.97,5981.635
Mauritania,2015,28915.46153846154,4252723.2,247.6246944,1.5125000000000002,99.592,0.27,0.0658471246418582,0.0315056357924017,0.0280126948318829,1263.4,1.341,106.29,5896.665
Mauritania,2016,28969.5,4034274.7,250.4927329,1.441875,101.16875000000002,0.27,0.0928907989437134,0.0385923126046345,0.0339667581421828,1232.4,1.651,59.35,6206.96
Mauritania,2017,24638.26923076923,4066078.0,264.37289380000004,1.4506249999999998,101.354,0.27,0.1344250267329537,0.0573092203342182,0.0560104278053973,1910.5,2.07,26.950000000000003,6173.225
Mauritania,2018,31829.03846153846,4061857.9,273.0795207,1.429375,105.583,0.27,0.104338684437889,0.0395864927406625,0.0368531396704739,1506.4,1.115,66.62,5756.784999999999
Mauritania,2019,29222.384615384617,4113830.5,274.4331871,1.4218750000000002,104.51275,0.27,0.1167940277605904,0.0403115630536113,0.0341519014664721,1391.4,1.522,13.01,5989.240000000001
Mauritania,2020,33594.230769230766,4146573.1,287.47759140000005,1.42125,106.62000000000003,0.28,0.1150197492701322,0.0409296468029068,0.0434003091190095,1322.0,1.971,675.8299999999999,6125.635
Mauritania,2021,28518.30769230769,4256963.8,301.729275,1.3993749999999998,106.59875,0.29,0.0993747606126124,0.0406405601799639,0.038536648522675,2035.6,1.917,49.31,6196.384999999999
Mauritania,2022,37424.03846153846,4258507.4,310.4327347,1.358125,111.43525,0.28,0.0512504817450719,0.0244495259628471,0.0268009557822248,1499.4,1.786,48.00000000000001,6366.945
Mauritania,2023,34155.730769230766,4257600.3,320.7595164,1.3368749999999998,111.65099999999995,0.29,0.0561545590389703,0.0267890623152543,0.0293654967237159,1817.0,2.163,46.44,6461.054999999999
Mauritania,2024,38105.730769230766,4269589.6,,,112.7215,,,,,1537.4,2.252,32.26,6399.710000000002
Mauritius,1990,3820.155555555556,17853.3125,88.7204201,0.440625,6816.489491525423,1.51,2.929723629636188,0.9855619608273988,3.344366430685484,4190.8,0.215,572.31,5210.200000000001
Mauritius,1991,3627.829787234042,18847.0625,97.72437870000002,0.4506249999999999,4033.544237288136,1.48,3.093860698617394,1.0750228728267852,3.4320794332221287,3723.8,0.489,683.71,5282.500000000001
Mauritius,1992,3615.787234042553,17847.1875,97.614747,0.47625,5405.967796610173,1.53,3.1116322039275386,0.9956338044741924,3.2598710148159187,4434.6,0.159,711.1099999999999,5148.995
Mauritius,1993,3656.2608695652175,18128.5625,101.9600296,0.480625,6196.521034482761,1.49,2.695923609293624,1.094013841653089,3.32252003710043,4243.0,0.125,973.23,5121.625
Mauritius,1994,3614.195652173913,17641.3125,101.6737179,0.45375,7139.080862068967,1.65,3.2649034904624266,0.8853975567355733,3.9311651519059456,3728.8,0.51,764.8599999999999,5236.905
Mauritius,1995,3581.478260869565,17660.3125,110.5526582,0.490625,6985.739137931035,1.72,3.473984509674413,1.4239930075019698,4.006446208754071,3853.3,0.386,1129.15,5191.749999999999
Mauritius,1996,3533.5,17604.3125,118.4780949,0.5125,6875.896551724138,1.84,3.698033111644631,2.264044148860262,4.714871940001496,4866.7,0.114,899.39,5064.475
Mauritius,1997,3586.804347826087,17073.3125,123.0851416,0.5149999999999999,6272.773448275864,1.75,3.287048541452357,1.951597946579008,4.088876497789675,5043.5,0.69,875.5999999999998,5233.9400000000005
Mauritius,1998,3642.0,17442.3125,123.670526,0.54125,7257.23172413793,1.78,3.404722679845304,1.647446457989663,4.03651839648434,5180.0,0.935,879.79,5270.685
Mauritius,1999,3504.5,17992.5625,132.1549041,0.586875,8259.129655172414,1.97,3.8236553003270575,1.626480239691361,4.622628049649131,4902.4,0.271,521.57,5127.57
Mauritius,2000,3561.391304347826,15511.5625,136.8484704,0.6299999999999999,7413.508103448279,1.98,3.734495556205612,1.7128137513424238,5.0822834261144045,8900.0,0.232,667.73,5138.795
Mauritius,2001,3597.260869565217,13524.0625,158.58806210000003,0.6825,6150.297413793103,2.42,2.3212105829308123,1.1397560946127343,4.475627591040249,7203.7,0.577,581.6000000000001,5360.33
Mauritius,2002,3534.586956521739,11367.8125,143.1547713,0.6749999999999999,8110.291379310345,2.58,3.120025093638987,1.134786058268587,3.761684226063109,7763.2,0.479,809.4000000000001,5309.529999999999
Mauritius,2003,3510.695652173913,11461.5625,137.7180549,0.68875,6721.06879310345,2.59,3.059792435537731,1.1661506452328685,3.280261560943261,6555.6,0.768,893.8500000000001,5378.57
Mauritius,2004,3459.7391304347825,9191.125,141.48300369999998,0.691875,4735.297068965515,2.54,3.034621861411142,1.1625153944752464,3.540151305701845,6473.7,0.344,878.52,5319.549999999999
Mauritius,2005,3366.6739130434785,7429.0625,126.3725184,0.7037500000000001,2970.1836206896555,2.56,2.9429639626251207,1.7313824120046255,4.216624587548064,7539.7,0.436,1031.84,5325.525
Mauritius,2006,3296.2391304347825,6611.6875,141.22284810000002,0.81375,2658.838275862071,2.59,2.61328127576144,1.0290515541424197,2.850824721189952,7793.1,0.28,846.07,5262.039999999999
Mauritius,2007,3222.5652173913045,6906.625,259.1686811000001,0.868125,687.8305172413794,2.74,2.7353984808205327,0.7059593356627013,3.6523698376923055,9453.7,0.53,542.2500000000001,5401.14
Mauritius,2008,3063.326086956521,6907.3125,285.1997573,0.8912499999999999,295.71689655172435,2.68,2.3830306643098256,1.9472298510422068,1.6442911583737796,7541.0,0.351,618.29,5417.56
Mauritius,2009,3030.108695652174,7021.5625,302.00492560000004,0.89,588.679827586207,2.61,2.294967177242131,0.9078882232661925,2.81574057466636,8000.0,0.831,672.78,5576.565
Mauritius,2010,2986.543478260869,7861.25,318.6735539,0.929375,2841.033103448277,2.6,1.71603060102868,0.7754784140453509,1.8800998682489831,6833.3,0.95,569.52,5547.070000000001
Mauritius,2011,2887.326086956521,7855.0,332.7330187,0.91875,1432.8120338983051,1.8,2.682412642958934,0.7990091629833777,3.089363560386532,3901.8,0.791,558.4899999999999,5501.25
Mauritius,2012,2812.4347826086955,7423.25,346.3222338,0.940625,108.6164406779661,2.06,3.7142194601600735,1.2476733760005458,2.465123828957476,3389.6,0.545,454.6,5445.864999999999
Mauritius,2013,2786.021739130435,7266.5,362.0900828,0.9575,4542.478305084745,1.87,2.726109381460822,1.179818503865928,2.7742066371705985,3219.1,0.693,640.8299999999999,5399.884999999999
Mauritius,2014,2675.4347826086955,7347.0,384.4327529,1.0,106.91389830508476,2.08,3.9836515803999086,1.54143170553286,3.2574144795632582,3765.1,0.768,572.97,5542.130000000001
Mauritius,2015,2719.891304347826,7666.9375,390.4664204,0.999375,97.95847457627116,1.79,2.415170043559037,1.1493106342160984,1.504471885864451,2695.9,1.06,937.89,5468.345000000001
Mauritius,2016,2650.8695652173915,7692.9375,403.543574,1.035,95.12694915254237,1.95,3.4158602591425526,1.623240938165699,2.6919468591100224,3455.0,0.908,589.6,5501.29
Mauritius,2017,2607.478260869565,7312.5,436.0238658,1.0856249999999998,391.0330508474577,1.86,3.21306609751094,1.7058627359427865,2.490912425797751,5234.8,1.122,706.69,5571.509999999998
Mauritius,2018,2500.5652173913045,7421.1875,445.0742938,1.0825,84.15949152542376,1.76,2.962930120145564,0.9737798410790188,1.6756211639100975,5272.7,0.926,1005.3699999999998,5527.064999999999
Mauritius,2019,2390.913043478261,7552.625,462.1879061000001,1.1081249999999998,88.35844827586207,1.8,3.256078267351477,1.0661199105303685,1.7909476096080958,6880.0,1.355,683.2700000000001,5691.805
Mauritius,2020,2315.4347826086955,7732.4375,466.153893,1.011875,89.64859649122806,1.67,2.4418740024400307,0.9587832128434504,1.473589334334168,8942.5,1.14,721.8399999999999,5313.045000000001
Mauritius,2021,2264.826086956521,7314.25,491.8501365999999,1.05,107.56071428571428,1.69,2.727361732351794,1.4155612293864095,2.0328271678399967,8640.6,1.02,778.4000000000001,5519.305
Mauritius,2022,2097.191489361702,7088.125,497.7221649,1.075625,105.07105263157894,1.65,2.6525951627290327,0.5483524064602531,1.3198604009408526,9300.6,0.611,683.9700000000001,5376.28
Mauritius,2023,2012.6382978723404,7656.3125,501.3512491,1.129375,136.36473684210532,1.62,2.479829587499032,,1.2898492504803625,11630.5,1.523,859.78,5663.000000000001
Mauritius,2024,1978.6382978723404,7525.0625,,,148.02499999999995,,,,,11890.2,1.411,774.28,5594.0
Morocco,1990,149146.81188118813,3596499.769230769,1606.525169666667,0.475,251.19381355932208,0.44,1.099587701081019,0.8381003819215086,0.4089929863776962,1120.0,1.27,91.57,4880.834999999999
Morocco,1991,142291.53398058252,3421215.923076923,1690.827768416667,0.473125,203.88681034482752,0.43,0.9881121952004936,0.7182437151457357,0.3225771675654527,1575.9,-0.003,173.73000000000002,4526.145
Morocco,1992,133575.52884615384,3393015.230769231,1734.237232083333,0.4625,128.9289743589744,0.4,0.983937710262589,0.7853234863162565,0.4087575057470696,587.7,0.065,55.59,4368.330000000001
Morocco,1993,135152.70588235295,2963995.6923076925,1797.540965,0.45125,93.0664102564102,0.37,1.2704148161817737,0.7665403317206275,0.4372831429024043,560.4,0.13,109.38,4164.49
Morocco,1994,152704.3431372549,3202976.923076923,1908.06757975,0.47125,106.9231623931624,0.38,0.8827515788390978,0.6862935123318802,0.3634474230383526,1584.9,0.902,72.9,4822.915000000001
Morocco,1995,109603.63725490196,3225853.846153846,2044.5167064166665,0.4643749999999999,72.79606837606842,0.37,1.3220364180342756,0.7253408918821596,0.5273547616451424,446.5,1.048,146.73,4904.155000000001
Morocco,1996,151002.1960784314,3499000.0,2013.7576193333327,0.479375,104.37752136752135,0.39,0.8244913202145296,0.7218438064528814,0.3741667437118146,1687.2,0.804,278.1,4758.705
Morocco,1997,132361.88235294115,3667176.923076923,2089.766585,0.48625,109.1973504273504,0.41,1.315537350365655,0.740394426687614,0.417038493399554,833.9,1.138,113.15,4801.249999999999
Morocco,1998,153741.42156862744,3622184.615384616,2702.924066583333,0.498125,103.55803418803418,0.41,1.144779319745236,0.6374339394035973,0.3317258256079945,1122.7,1.472,85.86,4944.96
Morocco,1999,138069.6862745098,3866376.923076923,2844.59804425,0.513125,80.59589743589741,0.43,1.4698447246161752,0.7531848793604313,0.4171806393872687,743.5,0.941,175.35,4678.740000000001
Morocco,2000,141600.29411764705,3747271.4285714286,2936.4068098333337,0.523125,76.85525423728811,0.45,1.466098649678767,0.7683811723554858,0.3602605511371046,366.8,0.858,64.21000000000001,4774.86
Morocco,2001,136898.91176470587,3746514.285714286,3036.18984375,0.574375,78.49144067796605,0.45,1.446322673041476,0.8035125961341534,0.38130325016548,894.6,1.691,42.33,5012.245
Morocco,2002,132484.5,3618421.4285714286,3225.85892175,0.57875,85.69915254237289,0.46,1.873147424793075,1.7599266329268577,0.5242952949212888,1068.7,1.062,191.49,4913.31
Morocco,2003,146403.24509803922,3695857.142857143,3325.640960083333,0.57375,88.45516949152541,0.46,1.417536884930552,1.499119776020169,0.504326252813288,1432.9,1.556,185.54999999999995,5026.885
Morocco,2004,150326.41176470587,3762907.142857143,3463.1942132499994,0.6187499999999999,90.2551694915254,0.49,1.5400088200226152,0.7255810786645014,0.4082050471346835,1512.1,1.01,83.63,4773.76
Morocco,2005,145673.1274509804,3732871.4285714286,3371.8773877500003,0.63875,84.6219491525424,0.55,2.3159384706250927,0.7853885064594268,0.4551285550062057,783.9,1.16,165.27,4898.93
Morocco,2006,146845.85294117648,3796003.4285714286,3623.9096835,0.6575,98.64550847457627,0.58,2.188349167264017,0.6925629696927043,0.4232329259233193,1652.1,1.359,132.02999999999997,4910.03
Morocco,2007,133457.71287128713,3734564.285714286,3703.4002715833335,0.6625,88.99302521008401,0.58,2.283944430352787,0.8455861978455826,0.4256029777370766,516.4,0.896,101.79,4790.59
Morocco,2008,142839.59405940594,3751364.285714286,3737.1545664166665,0.670625,91.62974789915964,0.58,1.92565655070122,0.6790974214030384,0.4295027607995341,1002.9,1.039,85.08,4775.895
Morocco,2009,148010.9801980198,3753471.4285714286,3856.2090735,0.66375,99.27184873949578,0.58,1.323901779029096,0.7406545099109202,0.1660147103081517,1919.4,1.137,223.14000000000004,4875.380000000001
Morocco,2010,145873.67326732673,3945887.857142857,3952.9970979166665,0.683125,102.47033613445376,0.59,1.5101628351833687,1.374463229102128,0.1446525581167094,1547.5,2.009,213.74,5133.58
Morocco,2011,152008.8431372549,4134422.142857143,4192.12176,0.71,103.29474999999996,0.62,1.4567178818672863,1.3711504916316053,0.2072247860708812,1614.4,1.683,203.77,4887.3600000000015
Morocco,2012,148871.99019607843,4116082.857142857,4354.911853923078,0.7124999999999999,100.3305,0.61,1.2452644702057738,1.6743109276076855,0.1610578320906429,1016.6,1.287,77.7,4816.395
Morocco,2013,152581.99019607843,4177004.5714285714,4282.853940999999,0.71875,101.76075,0.65,1.5662202314499662,1.533405087319485,0.2878911196763817,1828.3,1.197,87.49,4839.425
Morocco,2014,140955.8725490196,4257178.285714285,4976.859613384616,0.7275,100.71816666666662,0.67,1.653113104024548,1.6100854536661653,0.5844098476376135,1454.3,1.631,304.66,4821.63
Morocco,2015,156421.4607843137,4174536.0,5106.743740923077,0.7381249999999999,106.17808333333338,0.69,1.5550487687581511,1.4317025226404017,0.3919219248599896,2140.7,1.166,103.77,4772.25
Morocco,2016,120746.64705882352,4278894.642857143,5403.779831923077,0.7168749999999999,93.10416666666664,0.66,0.9451028478199048,1.194567331792908,0.515028793881984,936.0,1.788,140.38,4904.855
Morocco,2017,156792.04901960783,4231994.714285715,5474.685078,0.745,107.25675,0.7,1.6021220563842766,1.0096175219969388,0.6316583055025572,1757.4,2.095,44.870000000000005,5142.955000000001
Morocco,2018,140011.61764705885,4321441.285714285,5489.339505846153,0.7474999999999999,114.59516666666664,0.71,1.5105889322209496,0.9434931344982858,1.0994730479298382,2263.2,0.541,195.75000000000003,4374.38
Morocco,2019,121946.35294117648,4586958.642857143,5682.100615153847,0.776875,112.70774999999996,0.73,1.521980735984181,0.988959465300066,0.8797475071005114,1453.6,1.462,75.19999999999999,4980.035
Morocco,2020,137434.1960784314,4631187.142857143,5721.140180076924,0.75125,109.99216666666663,0.72,1.6626138655447673,0.7305314315128868,0.7423261670754604,747.4,2.083,100.1,5232.834999999999
Morocco,2021,138084.67647058822,4756723.0,5926.444314384615,0.8406250000000001,121.33633333333336,0.74,1.6547817313289532,0.7270900911397239,0.6261158168293537,2328.7,1.771,81.00999999999999,5199.765
Morocco,2022,124078.89215686274,4566263.0,5968.131666692308,0.825,114.6195833333333,0.73,1.8415702786185768,0.8091626081982721,0.5856757643204028,943.3,2.247,463.94,5171.17
Morocco,2023,123617.29411764706,4359992.785714285,5978.967674923077,0.805,114.30608333333338,0.7,1.8484468668480465,0.8121840937923145,0.4007610775952694,1482.1,2.524,190.02,5122.194999999999
Morocco,2024,100788.56862745098,4153689.0,,,115.6549166666666,,,,,1240.1,2.644,74.43,5212.09
Mozambique,1990,158381.3469387755,647390.9090909091,172.5474105,2.18375,123.595,1.8,0.0138905246263022,0.0012627749660274,0.0012627749660274,476.7,0.382,1068.3100000000002,5879.335
Mozambique,1991,170063.91836734695,683398.0,249.46417445454543,2.135625,67.25245901639343,1.79,0.0123482983348876,0.0099962415091948,0.0076441846835019,344.2,0.34,663.73,6070.405
Mozambique,1992,157938.6326530612,754560.5,323.29302072727273,2.105625,59.74475409836066,1.78,0.0189947193388079,0.0075978877355231,0.0044321011790551,177.6,0.79,582.51,6591.625000000001
Mozambique,1993,146904.0,809643.0833333334,383.4414693636364,2.04625,69.31655737704921,1.78,0.0136143331699612,0.0013614333169961,0.0068071665849806,564.7,0.315,1007.75,5983.76
Mozambique,1994,158627.20408163266,862890.5833333334,426.268781,1.9225,67.63245901639341,1.77,0.0315204446106663,0.0018912266766399,0.0063040889221332,520.3,0.107,674.94,6059.645000000001
Mozambique,1995,174953.83673469388,900973.1666666666,470.0968996363636,1.815625,74.19704918032788,1.76,0.0285789674197436,0.0017147380451846,0.0142894837098718,652.4,0.584,940.62,6027.445
Mozambique,1996,175366.2857142857,972972.4166666666,504.7924229090909,1.5268750000000002,79.34245901639345,1.62,0.0399164524212177,0.0017107051037664,0.0045618802767105,821.8,0.18,1409.9200000000003,5630.275000000001
Mozambique,1997,191144.9387755102,1002138.3333333334,531.5709001818182,1.4200000000000002,81.55639344262292,1.56,0.007847448170007,0.0136022434946789,0.0125559170720113,821.4,0.257,1507.55,5599.995000000001
Mozambique,1998,202005.02040816323,1065303.6666666667,554.1032210909091,1.47375,84.9519672131148,1.62,0.018811413658541,0.0079205952246488,0.0128709672400543,839.0,0.96,933.6,6244.06
Mozambique,1999,185579.20408163263,937662.1428571428,572.5600660909091,1.4074999999999998,90.47967213114754,1.58,0.0431082784280124,,,985.4,0.325,1371.48,5592.375
Mozambique,2000,173563.85714285713,1037986.3571428572,590.3402634545455,1.33,76.16885245901639,1.52,0.0558872115409146,0.0195893318803205,0.0069138818401131,868.1,0.417,1453.7700000000002,5605.15
Mozambique,2001,175554.24489795917,975583.3571428572,604.4044812727273,1.601875,75.18491803278685,1.68,0.091139920936118,0.0113924901170147,0.0393040909037009,880.1,0.512,1431.62,5903.755
Mozambique,2002,217639.568627451,996070.4285714284,621.1764290909091,1.539375,71.1852380952381,1.7,0.0813271231496431,0.0091895054406376,0.0317037937701998,615.7,0.618,813.2800000000001,6031.009999999999
Mozambique,2003,217904.98039215687,941393.2857142856,641.308869,1.5806250000000004,79.61666666666669,1.73,0.0084256908524798,0.0062412524833183,0.0005369312798148,775.2,0.606,1033.77,6091.474999999999
Mozambique,2004,225764.29411764705,989250.0714285716,655.1473048181819,1.535,80.99857142857144,1.69,0.0151219660900892,0.0153833005948681,0.015538329538381,725.9,0.364,1272.94,5854.379999999999
Mozambique,2005,271581.3921568628,1035470.0,667.706500909091,1.5625000000000002,79.03920634920634,1.74,0.0235656793316067,0.0016164583166524,0.0010972769438779,444.7,1.003,939.36,6243.895
Mozambique,2006,256357.3725490196,872718.1428571428,680.4425428181819,1.505,83.3061904761905,1.71,0.0669690121617904,0.0110587808410225,0.0107194108469594,718.6,0.523,912.69,6028.395
Mozambique,2007,273698.5882352941,950910.3571428572,696.9805713636364,1.49625,87.24888888888884,1.74,0.0418854918979141,0.0039422928958347,0.0047241748974182,609.3,0.628,1612.9899999999998,5787.5
Mozambique,2008,287127.7058823529,1038324.2142857144,718.7235918181818,1.5025,87.1160317460317,1.78,0.1457887871578352,0.0360919541642772,0.0328425289751167,555.0,0.283,1104.11,6167.19
Mozambique,2009,293877.862745098,879715.1428571428,735.6419771818182,1.390625,101.52650793650794,1.69,0.0514941814896956,0.0159181775595583,0.0080747831015031,837.6,0.474,929.36,5801.99
Mozambique,2010,277077.45098039217,880327.1428571428,751.7249609090909,1.4668750000000002,105.04460317460318,1.76,0.1565807677473908,0.009336739568111,0.0012812302074524,979.4,0.962,1218.4699999999998,6089.309999999999
Mozambique,2011,293423.7843137255,921258.7142857144,801.1395771818181,1.376875,113.28301587301588,1.68,0.1110680242783421,0.0254410187553796,0.0051325082713465,990.9,0.718,1029.9199999999998,5812.724999999999
Mozambique,2012,257136.35294117648,1024077.2857142856,744.6997014166667,1.40625,113.50793650793648,1.73,0.0925112288787954,0.0141209127315834,0.0168432038117564,1167.4,0.715,821.22,6296.280000000002
Mozambique,2013,279539.6862745098,1037860.4285714284,760.2387371666665,1.388125,104.3814285714286,1.73,0.0952601770249182,0.0093510872636274,0.0148601440294983,606.0,0.438,1232.18,5983.58
Mozambique,2014,243548.07843137256,1116909.357142857,827.5669796666666,1.37625,103.88920634920632,1.71,0.1377797772666694,0.0236051954793802,0.0133977653242681,745.3,0.633,1481.7100000000005,5740.245
Mozambique,2015,217560.72549019608,849709.0714285715,808.7711246666668,1.293125,94.21126984126984,1.68,0.063021485008873,0.023464713074925,0.0318899469762644,734.0,0.93,562.29,6451.835
Mozambique,2016,243619.90384615384,969404.2142857144,906.3893303333334,1.284375,101.87000000000002,1.68,0.0787784565095292,0.0099745544663482,0.0171783993587109,662.6,1.108,842.28,6370.955
Mozambique,2017,256212.65384615384,819003.5714285715,871.4543035,1.230625,110.1978125,1.65,0.0882431045485199,0.0163457968883719,0.0087271255593122,678.7,0.78,1500.59,5715.905000000001
Mozambique,2018,266598.3076923077,991122.8571428572,883.8717049166667,1.2425,120.1859375,1.67,0.0994304886233332,0.0156227548331138,0.0271757163903745,798.9,0.68,1006.89,5892.324999999999
Mozambique,2019,278379.1153846154,930291.7142857144,907.07407325,1.14875,126.0840625,1.63,0.1660361623613171,0.0341045699023895,0.0189849011938201,799.4,1.069,830.7199999999998,6312.759999999999
Mozambique,2020,289402.1153846154,930200.2857142856,910.0775855833334,1.081875,125.06109375,1.61,0.1655171038965607,0.0280129258531015,0.0253971882348953,685.2,0.897,848.0,6431.43
Mozambique,2021,281147.7115384616,980033.1428571428,952.6918691666666,1.068125,132.23765625,1.59,0.2022424429096632,0.0397691303934742,0.0043073443257756,997.3,0.724,1068.0500000000002,5947.004999999999
Mozambique,2022,281475.0961538461,1163657.9285714286,983.1449593333332,1.0837500000000002,144.50359375,1.66,0.1373265362661878,0.004718001763375,0.0183497583643312,1162.8,0.847,1049.88,5903.66
Mozambique,2023,347354.6923076923,1059168.0,1069.721356727273,0.988125,132.3134375,1.57,0.1626924905621848,0.0471506513736456,0.0362626452987202,737.7,1.069,1254.4199999999998,6315.465
Mozambique,2024,356037.9615384616,1109320.9285714286,,,138.83250000000004,,,,,776.4,1.328,727.2900000000002,6534.545000000001
Namibia,1990,26693.315789473683,1336013.5454545454,60.285165375000005,5.705624999999999,106.341935483871,0.47,,,,457.1,0.599,374.7600000000001,3520.22
Namibia,1991,26170.736842105263,1261868.5,79.03743633333335,5.628750000000001,83.54548387096774,0.48,,,,547.0,0.056,422.3,3268.8499999999995
Namibia,1992,24336.68421052632,1149157.75,82.98316600000001,5.416875000000001,64.84322580645161,0.48,,,,159.0,0.525,214.37000000000003,3367.785
Namibia,1993,26193.947368421053,1065310.3333333333,70.90146633333332,5.193124999999999,96.33677419354838,0.47,,,,356.1,0.593,301.99,3560.1549999999997
Namibia,1994,40955.84210526316,1064319.1666666667,75.47610044444443,5.052499999999999,120.21,0.47,,,,334.5,0.197,163.89,3391.2649999999994
Namibia,1995,36579.2,1026115.5833333334,81.32053133333334,4.910625,83.78843750000001,0.47,,,,220.1,0.858,107.2,3527.135
Namibia,1996,37047.8,1013862.9166666666,88.11993166666667,4.769375,77.235625,0.47,,,,274.0,0.067,201.8,3341.325
Namibia,1997,33529.458333333336,1065197.5833333333,91.53407911111113,4.59625,86.72583333333336,0.46,,,,446.6,-0.045,371.11,3141.695
Namibia,1998,30881.58333333333,1017316.75,92.82644433333331,4.65125,80.60111111111112,0.48,0.0032381759354954,,,379.0,1.187,174.73,3825.794999999999
Namibia,1999,33246.208333333336,1049084.4166666667,94.45191966666664,4.532500000000001,76.37638888888891,0.48,0.0030078617987764,0.0060157235975529,,214.4,0.748,268.08000000000004,3582.74
Namibia,2000,22196.0,1066747.4615384615,91.8424953,4.651875,77.61863636363636,0.5,0.0045053162732021,0.0090106325464043,,391.2,-0.174,373.9500000000001,3358.36
Namibia,2001,20385.757575757576,1021573.3846153846,102.6762424,2.3331250000000003,81.38613636363635,0.22,0.0049053855187071,0.0098107710374142,,440.9,0.306,299.49999999999994,3376.415
Namibia,2002,23536.272727272728,1124661.3846153845,99.5621253,2.0625,81.69613636363636,0.19,0.1240638241167352,0.0062456788168356,0.005013538097868,270.8,0.801,249.52,3416.365
Namibia,2003,23271.636363636364,1152513.076923077,101.0990573,2.1562500000000004,92.94068181818184,0.21,0.0345914652249309,0.008937918964951,0.0058869947028764,301.5,1.144,140.15,3694.65
Namibia,2004,23224.484848484848,1084659.1538461538,105.88673350000002,2.23875,92.76886363636363,0.22,0.0849534451623641,0.0146827799292276,0.0128312856859526,418.3,0.821,371.8,3437.295
Namibia,2005,20712.636363636364,1225107.3076923075,126.2763728,2.436875,93.94659090909092,0.23,0.0484245454026723,0.0145804712977139,0.012118206277239,465.6,0.661,387.05,3544.965
Namibia,2006,22311.90909090909,1112231.6923076925,125.3038734,2.6750000000000003,105.29477272727276,0.27,0.0847977639336476,0.0096809286520443,0.0092327375107459,620.5,-0.173,743.5599999999998,2740.37
Namibia,2007,18874.36363636364,1086080.1538461538,125.353722,2.4493750000000003,111.705,0.25,0.0708368253234267,0.0154707202651014,0.0181727981196225,481.3,1.028,197.4,3090.135
Namibia,2008,17981.454545454544,1133908.8461538462,128.5543881,2.06875,100.39159090909092,0.2,0.0116786992659096,0.0010566442192965,0.0,495.5,0.677,487.75,3260.7
Namibia,2009,22761.60606060606,1123448.8461538462,130.6182389,2.670625,98.58363636363634,0.27,0.0557078440169692,8.786726185641838e-05,8.786726185641838e-05,364.8,0.52,385.5199999999999,3326.045
Namibia,2010,22122.272727272728,1143750.3846153845,129.4068999,2.474375,103.4225,0.26,0.1287842363722229,0.0176292917462853,0.0139226201483484,405.0,1.202,391.04,3276.575
Namibia,2011,21278.969696969696,1151889.0,130.72992960000002,3.4525,104.23749999999995,0.39,0.2286764852479079,0.0123596209659267,0.0072841872612876,427.5,-0.48,613.6600000000001,2951.865
Namibia,2012,27911.515151515152,1179970.0,137.1530095,3.740625,107.09568181818182,0.43,0.3762963043383718,0.0346093716072424,0.0199917488166058,431.1,-0.142,450.74,3172.505
Namibia,2013,15939.363636363636,1021679.9230769232,150.6266253,2.0375,99.6406818181818,0.21,0.4849628991689794,0.0415951361124234,0.0185703775102222,458.7,0.727,310.62,3488.149999999999
Namibia,2014,33831.44117647059,1031304.0769230768,173.3650639,1.914375,100.70288888888888,0.19,0.1145088670563112,0.0178827735077615,0.0127396287303227,226.1,0.377,482.58,2934.755
Namibia,2015,24292.25,1039895.0,185.26952,1.85875,101.84511111111112,0.19,0.4010332513455772,0.0245757391760736,0.0267163395733196,370.7,1.179,334.42,3543.495
Namibia,2016,22868.59375,1081761.6153846155,204.6299536,1.945625,97.45133333333337,0.2,0.8591695761790836,0.039573924391392,0.0145177269590521,261.5,1.433,320.52,3815.28
Namibia,2017,25422.84375,1052675.923076923,202.9415478,1.903125,110.20355555555555,0.2,0.741065798353076,0.0283996553296667,0.0183693061481362,426.3,0.728,432.22,3522.5450000000005
Namibia,2018,24332.1875,1003187.846153846,202.9237379,1.6918749999999998,115.5115555555556,0.18,1.2532370959248422,0.0422074669611993,0.0200968367517297,502.5,1.006,327.81,3571.6349999999998
Namibia,2019,9515.4375,986759.6153846154,211.1868017,1.4656249999999995,109.3222222222222,0.15,1.9816219695624104,0.1375659290494906,0.0251170794826801,943.0,2.071,166.06,4000.54
Namibia,2020,24837.5,861838.2307692308,205.6255543,1.8525,122.12355555555553,0.22,0.1098339204831359,0.0026975339708101,0.0074886763965774,549.3,0.558,342.64000000000004,3520.5599999999995
Namibia,2021,25895.625,859440.5384615385,213.6884501,1.90375,121.7153333333333,0.23,0.1053459802572787,0.0025873096324185,0.0071826804720871,471.2,0.015,473.96,3222.500000000001
Namibia,2022,27295.53125,1156791.923076923,214.8177985,1.6918749999999998,135.61244444444446,0.2,0.4284950489835061,0.003663603359982,0.0052023167711745,487.8,0.085,739.9100000000001,3255.915
Namibia,2023,27165.84375,1078092.4615384615,215.7550412,1.76625,127.8577777777778,0.22,0.7638268183736879,0.0205773104323321,0.0126261493350445,353.4,0.806,303.36999999999995,3509.795
Namibia,2024,26406.03125,1041453.5384615384,,,121.65866666666663,,,,,184.4,1.386,387.54,3942.88
Niger,1990,439275.2727272727,2928955.5454545454,406.3196565,0.935625,52.16389830508475,0.49,0.0031779617171092,0.001593533812304,0.0004621248055681,310.3,0.505,21.38,6003.35
Niger,1991,426243.9782608696,3046401.090909091,422.603691,0.93125,56.32564516129033,0.48,0.0004645226914591,0.0005841724756228,0.0001947241585409,333.2,0.91,55.440000000000005,6032.62
Niger,1992,483741.51020408166,3168956.1818181816,444.5150595,0.9275,54.573692307692326,0.48,0.0018604977679511,0.0008268878968671,0.0002067219742167,309.2,-0.247,46.63,5757.244999999998
Niger,1993,433474.89795918367,3296852.8181818184,446.7844691,0.9275,57.51830769230774,0.5,0.0023069386594426,0.000922775463777,0.0002306938659442,326.2,0.447,24.54,5863.655000000001
Niger,1994,421177.3469387755,3430300.090909091,461.5213471,0.920625,61.19199999999999,0.51,0.0061636743259541,0.004302225685142,0.0040529245278904,267.9,0.352,66.55,5673.895
Niger,1995,440539.9411764706,3569695.1818181816,476.368988,0.9168750000000002,64.18253731343283,0.51,0.0117492184390304,0.0058950386951627,0.0050074914753673,312.3,0.414,24.31,5990.679999999999
Niger,1996,432236.82352941175,3715013.454545455,495.9749365,0.9187500000000002,64.48656716417909,0.52,0.0127245058740945,0.0046270930451253,0.0034703197838439,291.0,1.093,29.15,5942.504999999999
Niger,1997,396401.3076923077,3866839.454545455,519.1065388000001,0.9143750000000004,68.7910294117647,0.53,0.0012613480084382,,0.0005045392033752,287.7,0.734,43.34,6010.815
Niger,1998,457145.5882352941,4025422.454545455,512.8097754,0.916875,79.27044776119403,0.55,0.001093743465687,,,389.5,0.679,72.41,6249.705
Niger,1999,466070.9215686274,4190984.1818181816,521.5583121,0.911875,71.0705970149254,0.55,0.0036067472185184,0.0030102714738735,0.0023687382089496,380.1,0.578,59.44,5892.295000000001
Niger,2000,454638.9433962264,4363905.090909091,529.3954011,0.903125,67.12884057971014,0.57,0.0055472590648751,0.002619661199947,0.0017838331092838,289.2,0.706,41.69,5706.804999999999
Niger,2001,440988.5,4544532.090909091,549.1061017999999,0.7612499999999999,65.6387142857143,0.46,0.0076441902680001,0.0021950685788858,0.0014580879093218,394.4,0.2,18.74,6006.835
Niger,2002,460647.8518518519,4733277.727272728,564.5810886,0.7618749999999999,69.02314285714284,0.47,0.0141648332316514,0.0039531281708563,0.0004233168551987,422.9,0.575,26.58,6093.925000000001
Niger,2003,474990.3333333333,4930434.363636363,618.8246964,0.76625,71.402,0.49,0.0053032658208482,0.0026863704594689,0.0006968562868998,429.5,0.812,49.790000000000006,6164.705
Niger,2004,425631.7037037037,5136452.727272728,641.0716589,0.76875,66.70600000000002,0.5,0.0049737836293174,0.0015341902267096,0.0014449111629807,341.5,0.641,43.64,6212.905000000001
Niger,2005,468163.74074074073,5351755.363636363,660.6711361,0.7706249999999999,71.47314285714286,0.47,0.0059509093882236,0.0034774158234128,0.0022663010986738,436.6,1.204,37.080000000000005,6242.620000000002
Niger,2006,515145.4074074074,5576654.454545454,674.9272112000001,0.768125,76.82800000000002,0.49,0.0078599167182282,0.0041095193115557,0.0025099709352109,449.6,1.22,45.16,6095.414999999999
Niger,2007,547035.9629629629,5811808.2727272725,689.9388912999999,0.7737499999999999,79.48585714285711,0.5,0.0045847077154044,0.0040216734345653,0.0010767116604358,424.8,0.932,94.44,6114.89
Niger,2008,602098.490909091,6058005.818181818,705.0804293000001,0.7775000000000001,88.0122535211268,0.52,0.0025876165171044,0.0006361085533061,0.0005779785288525,496.5,0.38,40.39,5914.320000000001
Niger,2009,534760.2545454545,6316437.2727272725,725.1696939000001,0.781875,84.89366197183104,0.54,0.0061784696448848,0.0018363369222993,0.0018344669254334,386.0,1.471,49.24,6416.485
Niger,2010,656504.6909090909,6033649.818181818,744.9938507999999,0.7437499999999999,95.86746478873236,0.53,0.0073556214705991,0.0029992169549823,0.0010540671065758,494.8,1.664,81.82000000000001,6410.464999999999
Niger,2011,592153.0,6291272.0,756.3791792999999,0.741875,92.62845070422536,0.54,0.0064392141895759,0.0031849876636612,0.0031697888890202,362.8,1.065,46.65,6151.73
Niger,2012,607098.7636363637,6560745.2727272725,784.0670684,0.755625,89.9338028169014,0.56,0.0211036502911971,4.447381812849853e-05,0.0030324555249839,520.3,0.699,82.61000000000001,6222.930000000001
Niger,2013,635604.2181818181,6842561.636363637,802.0655592,0.764375,97.64901408450704,0.58,0.0112066594214489,0.0036469235629536,0.0019870856169156,407.7,0.919,62.88999999999999,6204.364999999999
Niger,2014,658005.9272727272,7137396.818181818,828.3983519,0.7737499999999999,92.66225352112676,0.6,0.0191533229073426,0.0026625899971169,0.0036975350816126,446.8,1.099,21.6,6248.035000000001
Niger,2015,602650.3272727273,7445884.545454546,851.4616781999999,0.7737499999999999,103.05971830985916,0.63,0.0111524041319543,0.0001178129286369,5.309878473776794e-05,551.3,0.904,45.17,5916.775
Niger,2016,654131.1818181818,7768719.909090909,873.8533719999999,0.77875,104.2764788732394,0.65,0.0098451200294408,0.0002369555286589,0.0002445992553898,536.5,1.042,35.88,6258.33
Niger,2017,685250.6363636364,8106675.636363637,904.0565281,0.785,109.02408450704225,0.67,0.0093980211885312,0.0002261946093512,0.0002334912096529,541.9,0.869,39.93000000000001,6071.094999999998
Niger,2018,695586.5818181818,8460467.909090908,938.1478086,0.79,115.28887323943664,0.71,0.0158513696040244,0.0009761545402804,0.0008510802471959,554.8,1.081,49.48,6278.625
Niger,2019,677175.6,8830764.818181818,966.2666203,0.8043750000000001,127.9012676056338,0.74,0.0184206282683545,0.0010026941313301,0.0026507157080083,501.5,0.98,73.96000000000001,6033.285
Niger,2020,668034.6181818182,9218467.363636363,991.4620453,0.816875,145.8716901408451,0.77,0.009131263311776,0.0009176171164129,0.0054907334143597,551.8,0.809,321.1,5888.03
Niger,2021,651962.9636363636,9624386.454545457,1023.3538221,0.8262499999999999,147.6108450704225,0.82,0.0093563597017488,0.0009402374585527,0.0024433903286698,360.5,1.476,41.2,6115.775
Niger,2022,688455.6545454545,10049463.909090908,1063.3177716,0.8318749999999999,182.7966197183098,0.85,0.0090187362962388,0.001436548590269,0.0015730860700316,559.8,0.449,55.76,5952.829999999999
Niger,2023,666743.3636363636,10494717.181818182,1100.2785296,0.77625,216.16647887323947,0.82,0.0122055958016829,0.0051009131631265,0.0031976321269584,488.8,1.523,37.7,6356.649999999999
Niger,2024,675003.509090909,10961138.181818182,,,222.64352112676053,,,,,577.4,1.165,123.9,6218.645
Nigeria,1990,1087812.596491228,8021606.692307692,7020.827235500001,0.8687499999999999,66.1286153846154,1.45,0.1930479575961531,0.088379193539496,0.0866325691612451,1147.9,0.596,1269.3,5822.44
Nigeria,1991,1165779.6333333333,8154144.615384615,7190.109825833334,0.881875,66.77776119402985,1.47,0.1818525508065573,0.0948721326377605,0.0914409524338632,1094.1,0.64,1336.69,5751.3150000000005
Nigeria,1992,1208785.35,8332376.615384615,7347.047529083334,0.904375,67.03597014925374,1.45,0.1820008821251844,0.0951368247472555,0.0868640573779289,1164.0,-0.083,1623.36,5683.37
Nigeria,1993,1250252.05,10264766.0,7341.424507666667,0.89125,68.91850746268659,1.46,0.1759645185144866,0.1047788723881715,0.0879822592572433,1153.1,0.493,1479.1,5667.4
Nigeria,1994,1330404.1016949152,10928901.636363637,7297.952750333333,0.90625,69.23850746268656,1.45,0.1398071456357046,0.0375825660311034,0.045099079237324,1132.3,0.421,1822.56,5625.7300000000005
Nigeria,1995,1409826.7627118644,11601424.272727272,7452.252364583334,0.9193749999999998,73.08805970149251,1.42,0.070930700597317,0.0354653502986585,0.0234071311971146,1210.5,0.379,1966.73,5650.584999999999
Nigeria,1996,1428500.9491525425,12262531.181818182,7632.581871416667,1.0074999999999998,77.5294029850746,1.56,0.0735036263450095,0.0227511224401219,0.0252012433182889,1220.4,0.754,1810.1,5675.62
Nigeria,1997,1448153.813559322,13191756.909090908,7972.204555416666,0.945625,80.18059701492535,1.57,0.0533783077986787,0.0147774357942008,0.0269308409333566,1182.8,0.665,1543.5199999999998,5698.755
Nigeria,1998,1534529.2711864407,14030819.727272728,7757.460247750001,0.893125,84.27298507462683,1.62,0.0651665640256465,0.0255452930980534,0.0156399753661551,1201.8,1.061,1534.0500000000002,5973.220000000001
Nigeria,1999,1497482.4237288137,14961444.272727272,7929.191737249999,0.8493749999999999,90.89970149253728,1.6,0.0714532593534981,0.0231722252295923,0.0173624742354294,1239.3,0.784,663.13,6548.37
Nigeria,2000,1518784.1694915255,15799511.272727272,7945.057087249999,0.8731249999999999,92.7820895522388,1.61,0.0695292998974,0.0289705416239166,0.0249541710806009,1171.5,0.547,1936.9,6096.185
Nigeria,2001,1454463.3220338982,16816052.727272727,8044.238471833334,0.8274999999999999,91.515671641791,1.49,0.100930699163123,0.0276390606700105,0.0233763199696606,1233.6,0.263,946.14,5956.344999999999
Nigeria,2002,1509881.779661017,17236024.90909091,8225.09415375,0.7575,95.20537313432835,1.5,0.0828747003146783,0.0090960763849229,0.0100120421370962,1255.2,0.78,1238.4200000000003,6213.389999999999
Nigeria,2003,1542581.2881355933,17536532.727272727,8331.31996225,0.7812499999999999,98.99089552238809,1.52,0.1087644465095133,0.0139247118872816,0.016645476123358,1308.8,0.83,949.12,6520.029999999999
Nigeria,2004,1590907.8305084745,18001038.727272727,8439.9018015,0.7643749999999999,103.18417910447762,1.53,0.0731299436516163,0.0117310378653646,0.015131611988047,1372.8,0.758,640.29,6726.915
Nigeria,2005,1649251.3389830508,18421833.363636363,8452.66578508333,0.7568750000000001,106.92223880597012,1.58,0.1292835088019238,0.012549936756615,0.0152705651374698,1421.7,1.176,862.06,6794.629999999999
Nigeria,2006,1684651.06779661,18836133.09090909,8408.252540583331,0.709375,110.40880597014927,1.59,0.1287233921286903,0.0478953781838824,0.0426735253217904,1507.5,1.201,1079.2000000000005,6465.1
Nigeria,2007,1674955.433333333,19258577.363636363,8476.820754416667,0.666875,103.79014705882356,1.57,0.0418608152817916,0.0238346640188217,0.0271947534206034,1399.8,0.831,1650.64,6004.8
Nigeria,2008,1654538.45,19691068.27272728,8702.378377833333,0.641875,108.40191176470589,1.57,0.0755697155300319,0.027528523135863,0.024771863113849,1598.4,0.603,1232.1699999999998,6013.730000000001
Nigeria,2009,1397418.316666667,18459767.83333333,8741.0919595,0.59625,103.6941176470588,1.53,0.0712664195196429,0.0252737491549744,0.0239341359713821,1531.1,1.314,1121.35,6176.185
Nigeria,2010,1511215.1166666667,18890252.166666668,9198.4421425,0.6449999999999999,107.81073529411766,1.59,0.1741320590945649,0.0475398897269279,0.0450346209811051,1528.0,1.453,1330.89,6190.26
Nigeria,2011,1561422.0166666666,21466946.08333333,9432.74778575,0.66625,99.2969117647059,1.65,0.0886550839698782,0.0266974588260203,0.0275197861573212,1334.4,0.876,992.43,6128.055
Nigeria,2012,1714502.4166666667,21960053.83333333,9905.856870416666,0.645,100.79926470588236,1.69,0.1123352164031653,0.0334621867209383,0.0311658936613727,1399.0,0.553,1466.26,6152.320000000001
Nigeria,2013,1773271.4666666666,22458193.166666668,10147.2562185,0.625,94.65676470588237,1.73,0.1519953402885633,0.0103063745983318,0.0106092047121042,1297.3,0.947,680.4699999999999,6413.835
Nigeria,2014,1853344.8666666667,22909407.0,10386.018937416668,0.620625,97.27323529411768,1.74,0.1306562013121284,0.0208790067601377,0.0227782755164868,1555.4,1.038,1011.35,6470.039999999999
Nigeria,2015,1909239.7166666663,23167417.916666668,10353.065117166669,0.5968749999999999,98.6525,1.76,0.1027131366942109,0.0268237663154276,0.0210691196337725,1527.1,1.22,785.03,6596.164999999999
Nigeria,2016,1979753.8333333333,24044658.33333333,10618.45461725,0.5875,104.07382352941175,1.82,0.1458494460969599,0.0307467519320373,0.019308461161375,1596.9,1.202,1458.95,6335.214999999998
Nigeria,2017,2048992.25,24600432.916666668,10846.765762666666,0.5762499999999999,106.34838235294116,1.82,0.2210842915584477,0.0706200816523341,0.0664717009056524,1506.1,1.17,1087.1899999999998,6300.75
Nigeria,2018,2074139.4833333327,25153358.5,11058.878696166668,0.5674999999999999,108.07676470588235,1.83,0.2104005075389939,0.0656175735015056,0.0548179140861219,1549.3,1.096,951.68,6441.1
Nigeria,2019,2216767.466666667,25732049.58333333,11230.792337416666,0.585,108.7772058823529,1.85,0.1968632283548488,0.0613957043517299,0.0512909006964856,1629.7,1.236,1175.8100000000002,6460.804999999999
Nigeria,2020,2238585.033333333,26351682.25,11414.3657595,0.56125,109.8036764705882,1.89,0.2642865878179505,0.0466526839252967,0.0606302633042708,1619.9,1.107,1280.63,6050.599999999999
Nigeria,2021,2295231.466666667,26963484.33333333,11786.01538175,0.5668749999999999,113.59426470588232,1.88,0.1859254747059351,0.0565733791496758,0.0461012327238919,1621.9,1.62,1439.2,6240.655
Nigeria,2022,2290816.3666666667,27513751.08333333,11732.659582916667,0.5456249999999999,116.09573529411766,1.88,0.0532975937209923,0.0345715183252502,0.02932491708087,1659.5,0.874,1913.13,5715.765
Nigeria,2023,2317752.216666667,27934238.25,11861.0807755,0.53875,114.6795588235294,1.86,0.0378832557546973,0.0197014157387675,0.0098453147130704,1548.6,1.485,795.2900000000001,6651.68
Nigeria,2024,2362714.1,28356418.08333333,,,114.8675,,,,,1558.0,1.417,1300.62,6592.594999999999
Rwanda,1990,82621.41666666667,351065.9166666667,770.7017395,0.3856249999999999,52.72999999999999,2.47,0.0148266641921937,0.0124422945221021,0.0089081019146568,1042.6,0.508,1178.51,3701.47
Rwanda,1991,88454.63888888889,367753.0,780.7947188999999,0.3756249999999998,59.7875,2.5,0.0075179776702872,0.005663920019269,0.0047142807346012,1237.2,0.096,888.9000000000001,3967.785
Rwanda,1992,90915.16666666669,366428.1666666667,789.3718866000002,0.3568749999999999,59.88708333333333,2.53,0.0049276706673436,0.001330911050778,0.001330911050778,951.1,0.234,629.5899999999999,4337.565
Rwanda,1993,67614.17142857143,365103.5,798.3547419,0.3356249999999999,50.62979166666668,2.6,0.0059159195705379,0.0147897989263448,,1446.1,,664.45,4161.330000000001
Rwanda,1994,49717.71428571428,364416.6666666667,780.5588920000001,0.3906249999999999,40.49270833333333,2.89,,,,1028.7,,902.55,4178.660000000001
Rwanda,1995,52155.08571428571,206853.66666666663,770.9785989,0.4581249999999999,41.041875000000005,2.77,,,,1139.5,,934.4300000000002,3936.595
Rwanda,1996,61478.57142857143,239720.8333333333,784.2514458,0.4012499999999999,44.536458333333336,2.75,0.0016265830138259,0.0016265830138259,0.0016265830138259,1263.0,,1306.58,3620.645
Rwanda,1997,70317.77142857143,238775.3333333333,800.1323538,0.365625,47.82229166666667,2.71,0.0014221156041837,0.0028442312083675,0.0014221156041837,1129.1,,1243.73,3717.44
Rwanda,1998,70520.66666666667,256940.75,806.1953314,0.3174999999999999,49.694285714285726,2.76,0.0014180240307805,0.0014180240307805,0.0014180240307805,972.6,0.775,813.6499999999999,4134.825
Rwanda,1999,76213.05555555556,302485.5,810.7921314000001,0.329375,52.85679999999999,2.79,0.0013121111503934,0.0013121111503934,0.0013121111503934,824.8,,634.71,4335.53
Rwanda,2000,66266.3125,306358.75,813.7004254,0.3175,53.75721311475412,2.62,0.0015090623912413,0.0015090623912413,0.0015090623912413,848.3,,1018.54,4123.725
Rwanda,2001,70439.39583333333,324471.1666666667,818.2920356000001,0.2524999999999999,58.066065573770494,2.2,0.0014196601037948,0.0014196601037948,0.0014196601037948,913.0,0.377,940.29,4052.465
Rwanda,2002,70897.5,357252.6666666667,824.8269102,0.2531249999999999,64.02852459016395,2.25,0.0123699707323951,0.0111851616770688,0.0109876935011811,1028.4,0.774,916.09,4157.945000000001
Rwanda,2003,70676.125,402436.5,828.1105439999999,0.2624999999999999,66.54262295081969,2.38,0.0124087165220219,0.011220196353436,0.0110221096586717,941.9,0.984,1171.8699999999997,4102.585
Rwanda,2004,71041.02083333333,484199.0,837.7570040999999,0.265625,70.49590163934427,2.47,0.0099801493796569,0.0087555048154395,0.0099097675081502,959.3,0.847,1592.7600000000002,3583.9500000000007
Rwanda,2005,69287.69387755102,559663.25,848.0552289000001,0.2643749999999999,76.16612903225804,2.54,0.0175211488802821,0.0156882115591982,0.0158614024871746,1183.6,,1197.88,3928.065000000001
Rwanda,2006,70180.24489795919,628914.0833333334,853.0630700999998,0.2724999999999999,78.53435483870967,2.67,0.008392675187389,0.0217725088053149,0.0252065236103417,1137.9,,1150.96,3940.535
Rwanda,2007,73693.44897959183,713019.1666666666,864.2336355,0.2749999999999999,84.04629032258066,2.77,0.0349149081177149,0.057630631471409,0.0271937333338129,1015.0,1.291,1556.4900000000002,3575.865
Rwanda,2008,70012.43137254902,788423.3333333334,874.8378144000001,0.279375,84.47812500000003,2.86,0.0399786144421405,0.0616604782231942,0.0519479173726563,1266.5,,1555.85,3492.5150000000003
Rwanda,2009,67583.4705882353,819743.75,889.7864187000001,0.276875,100.08859375,2.86,0.0079161368207853,0.006732415427023,0.006717618909601,1734.1,,1598.8399999999997,3687.615
Rwanda,2010,66632.90196078431,852415.4166666666,901.487512,0.2831249999999999,110.17953124999994,2.94,0.0014107144853952,,,1965.8,,1408.18,3651.355
Rwanda,2011,66554.45098039215,883807.75,903.3044175,0.236875,112.79843750000002,2.4,0.0011569474147218,0.0004657840241088,9.0151746601705e-05,2089.4,,1444.16,3744.465
Rwanda,2012,71086.19607843137,852839.5,915.9375961000002,0.235,112.71296875000002,2.39,0.0324535581768166,0.0402047114301438,0.0094111098484136,2113.5,,1399.7499999999998,3716.12
Rwanda,2013,68498.0,857751.6666666666,933.7546146,0.2356249999999999,111.6734375,2.39,0.0981342520949502,0.0624981751291999,0.0322345177961395,2129.0,,1083.74,3832.87
Rwanda,2014,68122.75510204081,807218.9166666666,938.4293133,0.2299999999999999,97.1634375,2.33,0.1018308785311015,0.0680095805441247,0.0430105916240633,1408.0,,1334.42,3784.8849999999993
Rwanda,2015,71111.14285714286,921062.9166666666,947.4279787,0.2493749999999999,102.32140625,2.58,0.1317093162011962,0.1028530790834453,0.0843749623326049,1428.8,,1072.07,4050.98
Rwanda,2016,73727.16326530612,884560.1666666666,952.9751305999998,0.105625,100.515625,2.47,0.0469297860755769,0.0788176262673924,0.0274932590679752,1446.7,,928.23,4036.36
Rwanda,2017,80870.83673469388,936795.4166666666,963.9652488,0.105625,112.51671875,2.49,0.1058848943048753,0.154332519656563,0.0170395170328294,1387.1,,939.98,4210.974999999999
Rwanda,2018,78698.04081632652,883457.25,974.0705508,0.10875,110.74765625000003,2.57,0.0960760893355214,0.0999643691049527,0.0381839238795453,1441.4,,1343.2199999999998,3496.5399999999995
Rwanda,2019,80932.12244897959,811032.4166666666,983.927593,0.110625,119.03921874999996,2.65,0.1313199219098679,0.1876634337567815,0.0497948141980398,1443.2,,1351.8,3843.15
Rwanda,2020,83904.08163265306,734153.6666666666,989.9412112,0.115625,112.15171875,2.64,0.1493371926154726,0.2015873324739109,0.070306472405321,1473.6,,1840.12,3491.5100000000007
Rwanda,2021,88668.5306122449,685432.9166666666,1000.2567121,0.091875,114.28671875,2.51,0.1192305762484341,0.1724061501238944,0.0502658606071955,1519.0,,1529.41,3535.195
Rwanda,2022,87659.9387755102,611175.6666666666,1008.4611468,0.0824999999999999,113.74000000000004,2.39,0.1722793811056016,0.1643852391558548,0.0837668848800445,1510.7,,1661.9700000000005,3399.66
Rwanda,2023,86196.1836734694,602294.5,1028.0480361,0.0812499999999999,113.49640625000002,2.51,0.1753789942402372,0.1673391951393254,0.0853634080584551,1605.1,,992.2899999999998,4031.795
Rwanda,2024,88685.40816326531,666078.5833333334,,,118.30093750000002,,,,,1784.0,,1317.52,4099.055000000001
Sao Tome and Principe,1990,3734.2631578947367,1747.6923076923076,5.7961713,0.2368749999999999,146.03806451612908,0.92,,,,1928.6,,1200.2,5791.715
Sao Tome and Principe,1991,3897.2105263157896,1781.076923076923,5.883031,0.2374999999999999,131.3564516129032,0.9,,,,2117.6,,1359.61,5765.264999999999
Sao Tome and Principe,1992,3846.842105263158,1845.0,5.806550800000001,0.2324999999999999,166.8283870967742,0.92,,,,2222.2,-0.062,1043.8099999999995,5688.735
Sao Tome and Principe,1993,3922.2105263157896,1753.3076923076924,5.443145599999999,0.2287499999999999,178.1893548387097,0.91,,,,2193.5,0.391,1140.05,5746.72
Sao Tome and Principe,1994,3991.578947368421,1793.4615384615386,5.649783,0.2287499999999999,187.3551612903225,0.89,,,,2263.2,0.295,1110.74,5733.385
Sao Tome and Principe,1995,3642.947368421053,1834.7692307692307,5.7064552,0.2274999999999999,191.92838709677417,0.98,,,,2222.2,0.853,1228.1899999999998,5845.330000000001
Sao Tome and Principe,1996,3810.2631578947367,1874.923076923077,5.839180900000001,0.2256249999999999,202.35387096774195,0.99,,,,2250.0,,1318.8100000000002,5711.299999999999
Sao Tome and Principe,1997,3859.684210526316,1907.5384615384608,5.921274,0.224375,213.0132258064516,1.03,,,,2222.2,,1273.11,5756.3
Sao Tome and Principe,1998,3908.4736842105262,1940.0,5.5411632,0.2225,192.9725806451613,0.9,,,,1931.4,1.233,1154.74,6071.815
Sao Tome and Principe,1999,4116.0,1972.4615384615383,5.656064,0.22625,208.81903225806465,0.8,,,,2100.0,0.951,1368.8200000000002,5810.3150000000005
Sao Tome and Principe,2000,4392.789473684211,2020.4615384615383,6.205252,0.228125,202.6154838709677,0.79,,,,2230.0,0.482,1172.51,5817.099999999999
Sao Tome and Principe,2001,4536.8421052631575,2192.769230769231,6.4707062,0.2312499999999999,211.37774193548387,0.82,,,,2173.9,0.33,1006.32,5702.245
Sao Tome and Principe,2002,4475.421052631579,2412.076923076923,6.9130561,0.24,216.03129032258065,0.86,0.0091611492008964,0.0058095092493489,0.0160878717674278,2107.4,0.718,1313.49,5924.059999999999
Sao Tome and Principe,2003,4840.052631578948,2583.230769230769,7.569722199999999,0.2487499999999999,219.9996774193548,0.88,0.0076445449701488,0.0047520144409033,0.0074379356466312,2131.1,0.953,1216.41,5961.145
Sao Tome and Principe,2004,4381.368421052632,2615.923076923077,8.087159699999999,0.2543749999999999,217.19451612903225,0.89,0.0136943516805581,0.0063906974509271,0.0093578069817147,2145.7,0.78,1033.88,5917.285
Sao Tome and Principe,2005,4322.631578947368,2739.923076923077,8.6517734,0.25625,215.09129032258065,0.91,0.0101789845367077,0.0037014489224391,0.0083282600754881,2223.9,0.676,1014.4,5866.92
Sao Tome and Principe,2006,4252.263157894737,2739.923076923077,8.8856374,0.2574999999999999,195.16322580645163,0.89,0.012699119973262,0.0049385466562685,0.0089364177589621,2454.5,0.724,1118.8200000000002,5854.635
Sao Tome and Principe,2007,4127.1578947368425,2895.3076923076924,9.0826586,0.2543749999999999,185.37838709677425,0.91,0.012114874515402,0.0038767598449286,0.0106610895735538,2307.7,0.958,1398.79,5912.13
Sao Tome and Principe,2008,3967.421052631578,3197.692307692308,9.2935591,0.25125,161.14612903225807,0.92,0.0143670155609467,0.0047890051869822,0.0113423807060105,2153.8,0.663,1206.6,5897.770000000001
Sao Tome and Principe,2009,4628.473684210527,3500.923076923077,9.9714605,0.2568749999999999,142.1612903225806,0.93,0.0125311288250049,0.0034568631241393,0.007345834138796,1538.5,0.859,1329.67,5897.540000000001
Sao Tome and Principe,2010,4270.1578947368425,3529.538461538461,10.5442041,0.26875,127.69935483870968,1.03,0.0142851860525276,0.0060887678256675,0.0096015184943218,1615.2,0.975,1123.8100000000002,5880.97
Sao Tome and Principe,2011,3107.5263157894738,3697.846153846154,9.8867936,0.635625,98.69387096774192,6.49,0.0202733600934846,0.0096539809968974,0.0196297613603581,2099.5,0.669,1167.8300000000002,5779.64
Sao Tome and Principe,2012,3137.1052631578946,3895.0,10.349884200000002,0.635625,96.74870967741936,6.32,0.0181696166428932,0.0082878953107934,0.0153007298045417,2099.0,0.732,1227.11,5892.795
Sao Tome and Principe,2013,3606.7368421052633,4157.769230769231,10.197425,0.6281249999999999,98.3632258064516,6.36,0.0191308662152643,0.0072087321970561,0.0110903572262402,2096.0,0.839,1165.12,5808.830000000001
Sao Tome and Principe,2014,3976.2631578947367,4320.692307692308,10.952225899999998,0.6387499999999999,106.48838709677422,6.04,0.0193649154853092,0.006287310222503,0.0110656659916053,2065.0,0.919,1334.9399999999998,5766.084999999999
Sao Tome and Principe,2015,4229.894736842105,4336.692307692308,11.7714104,0.640625,98.37096774193547,6.05,0.0226956002388956,0.0056739000597239,0.0127662751343788,2033.2,0.867,1202.0700000000002,5747.535000000001
Sao Tome and Principe,2016,1968.6153846153843,4395.384615384615,12.0977463,0.260625,96.0363157894737,0.48,0.0431775554860674,0.0157471084713893,0.0203188496405023,2012.5,1.557,1280.8100000000002,6036.81
Sao Tome and Principe,2017,2203.923076923077,4778.769230769231,12.4727392,0.255,97.2271052631579,0.57,0.0494572615266258,0.0172419810826768,0.0281316533454202,2002.3,1.226,1248.5500000000002,5834.920000000001
Sao Tome and Principe,2018,2092.423076923077,4587.615384615385,13.091611,0.253125,99.92894736842103,0.49,0.0511368858334773,0.016249103909703,0.0272411447897963,2002.4,0.91,1319.14,5927.0650000000005
Sao Tome and Principe,2019,2112.038461538461,4681.692307692308,13.5844495,0.256875,99.51210526315788,0.5,0.0549232422194848,0.0194125252672317,0.0250942399795922,2005.7,1.254,1190.65,6001.385
Sao Tome and Principe,2020,2149.653846153846,4717.846153846154,14.148928899999998,0.254375,100.32605263157892,0.52,0.0548925587303603,0.0172120735001977,0.023724749959732,2003.5,1.434,1049.05,6026.355
Sao Tome and Principe,2021,2152.769230769231,4771.692307692308,14.6842433,0.249375,102.28078947368422,0.51,0.0515614950332069,0.0167226470377968,0.0232258986636067,2003.8,1.203,1235.05,6050.660000000001
Sao Tome and Principe,2022,2368.8076923076924,4824.384615384615,14.876582499999998,0.25875,106.50736842105262,0.52,0.0561463897773716,0.0219519719430325,0.0367273376739197,2004.3,1.178,1102.04,5912.795
Sao Tome and Principe,2023,2573.1153846153848,4940.076923076923,15.1232985,0.258125,109.24421052631578,0.53,0.0516883155707486,0.0202089654863077,0.0338111537943995,2003.9,1.187,1180.79,6011.030000000001
Sao Tome and Principe,2024,2645.692307692308,5057.692307692308,,,109.3342105263158,,,,,2004.0,1.57,1087.6,6188.885
Senegal,1990,134187.64285714287,1473016.6666666667,485.5148463,0.7706249999999999,49.88981818181817,1.15,0.0443408936420052,0.0260828786129442,0.0171401773742205,795.0,1.207,505.02,7315.799999999999
Senegal,1991,134898.07317073172,1536890.1666666667,508.8561705,0.770625,51.06267857142858,1.2,0.0728698325257673,0.037806322063216,0.0126021073544053,822.6,0.818,406.08,7248.255
Senegal,1992,138262.64285714287,1589719.3333333333,529.7817200000001,0.7599999999999999,50.961929824561416,1.21,0.0650935047531169,0.0433956698354112,0.0144652232784704,798.6,0.899,480.31,7217.86
Senegal,1993,140863.375,1654733.6666666667,532.5163357,0.755625,54.05280701754387,1.23,0.0922880060200169,0.0425944643169309,0.0354953869307757,836.5,1.114,555.99,7120.04
Senegal,1994,147045.65853658537,1716962.1666666667,507.1866868181818,0.756875,53.137758620689645,1.24,0.0877278535686271,0.0680060880376954,0.0204018264113086,757.7,0.641,738.39,6892.165000000001
Senegal,1995,141656.78048780488,1748786.5,539.9058183636363,0.7343749999999999,56.67758620689657,1.26,0.0367084440440719,0.0564745292985721,0.0211779484869645,872.0,0.929,596.18,7055.369999999998
Senegal,1996,144438.1219512195,1811438.6666666667,571.0790062727273,0.775625,55.418965517241375,1.33,0.0553870397366545,0.0664644476839854,0.0276935198683272,758.5,1.209,622.5600000000001,7130.635
Senegal,1997,125026.95238095238,1868112.3333333333,586.5316314545454,0.7525,54.84677966101696,1.38,0.0567877554782469,0.086381374530291,0.0399913770973569,716.7,1.369,593.5,7148.29
Senegal,1998,108294.28571428572,1919140.3333333333,606.8408151818184,0.761875,53.908474576271175,1.47,0.0701791414927571,0.1015750732132011,0.0646386829538552,667.8,1.556,537.21,7456.304999999999
Senegal,1999,152748.7380952381,1972739.5,631.5369818181817,0.8137500000000001,63.1349152542373,1.46,0.0942724645687192,0.1008191634971025,0.0523735914270662,870.4,0.56,676.06,6883.264999999999
Senegal,2000,136809.91304347827,2004665.8333333333,622.09278925,0.8062499999999999,64.83190476190477,1.51,0.1184124720176637,0.0804035303823642,0.0804035303823642,879.4,0.899,365.15,7370.565000000001
Senegal,2001,123149.17391304349,2062693.0,639.8614831666666,0.6974999999999999,66.18999999999997,1.34,0.1291117065164154,0.0568416317996797,0.0568416317996797,887.1,1.139,265.38,7550.455
Senegal,2002,120935.84782608696,2013869.3333333333,670.1298905,0.66375,61.48365079365077,1.29,0.1604156281923802,0.0768671999833178,0.0601723982657706,651.6,1.421,263.97,7644.425
Senegal,2003,110884.56521739133,2042330.0,684.4782875000001,0.6312499999999999,75.69952380952382,1.23,0.1180957870405757,0.0949185306301687,0.0762234129108015,1090.7,1.119,662.82,7218.565
Senegal,2004,118632.69565217392,2079907.6666666667,716.5678733333334,0.66625,78.2268253968254,1.34,0.1653507061620948,0.0965079646640407,0.0582048647047953,974.5,1.096,541.0099999999999,7392.845000000001
Senegal,2005,124917.17391304349,2134633.5,746.2163946666666,0.6743750000000001,83.12079365079362,1.37,0.0976166816621092,0.0932057589463619,0.0560771572119956,1201.1,1.296,661.86,7270.18
Senegal,2006,109213.17391304349,2191464.333333333,721.0664959230769,0.6643749999999999,83.36428571428574,1.47,0.0147509676926217,0.0302161349383313,0.0149890342103176,879.0,1.311,553.82,7303.389999999999
Senegal,2007,106082.3695652174,2237472.6666666665,703.9011625384616,0.6368750000000001,75.73158730158733,1.39,0.0136309172384296,0.0319751530240341,0.0120472422065788,722.5,1.169,595.92,7107.685
Senegal,2008,145988.6739130435,2293634.1666666665,713.7779791538462,0.645,89.1388888888889,1.34,0.0126379667034919,0.0282145175347877,0.0162546856300197,1174.2,1.255,893.9,7012.87
Senegal,2009,159077.30434782608,2346495.333333333,755.2527697692307,0.645625,86.18206349206349,1.34,0.1162265105999865,0.0236740244967034,0.0135091552425426,1134.6,0.693,845.83,6894.52
Senegal,2010,158661.47826086957,2415924.1666666665,763.8970666153845,0.675,86.99317460317465,1.39,0.1712450955191984,0.0171560231874588,0.0080485825166734,1196.5,1.497,772.96,7206.465
Senegal,2011,119891.6304347826,2435927.0,764.0353286153846,0.685,78.24079365079365,1.51,0.1655411635326454,0.0045457718610012,0.0178411119462048,966.9,1.238,558.3599999999999,7325.56
Senegal,2012,116701.02173913045,2531187.833333333,771.8604443076924,0.6449999999999999,88.49095238095238,1.45,0.1659796950475625,0.0733498290969093,0.0582685558246476,1221.3,0.915,653.23,7155.41
Senegal,2013,125555.19565217392,2601676.583333333,798.4183222307693,0.6499999999999999,86.88285714285713,1.51,0.1699650889726469,0.0850621907323275,0.0605311469630794,1124.1,1.26,624.9299999999998,7216.839999999999
Senegal,2014,118148.85416666669,2526774.083333333,822.7393266153847,0.635625,91.00215384615386,1.5,0.181550639244807,0.0856546605667807,0.050783395592953,1111.5,1.167,545.52,7227.120000000001
Senegal,2015,154988.20833333334,2669051.9166666665,861.8692111538462,0.628125,101.81230769230774,1.42,,0.0975558086811436,,1376.1,1.283,475.31,7235.020000000001
Senegal,2016,145283.72916666666,2779484.333333333,912.0393633846154,0.65125,107.18615384615389,1.55,0.2373700083127553,0.110363356529801,0.1269515871171043,1350.6,1.601,357.6,7533.869999999999
Senegal,2017,171898.97916666666,2891810.6666666665,940.067157846154,0.65,121.54015384615388,1.57,0.2758713299514198,0.2246202984286664,0.1431538460512955,1476.2,1.8,491.73,7372.719999999999
Senegal,2018,170165.0,2965565.083333333,935.3447146923075,0.6318750000000001,136.69307692307686,1.53,0.2129227514471236,0.0702729703523047,0.033884758910469,1644.3,1.029,361.13,7369.06
Senegal,2019,172019.79166666666,2977989.1666666665,1033.306757076923,0.6493749999999999,144.7196923076923,1.57,0.1830370778556236,0.0461691060258325,0.1717418659432347,1601.3,1.486,431.44,7351.665000000001
Senegal,2020,193044.25,3140015.75,1115.0802095384615,0.643125,168.7630769230769,1.66,0.2422553378305738,0.0870422195947297,0.089621939011392,1821.6,1.777,633.62,7230.58
Senegal,2021,188594.41666666663,3132655.083333333,1201.7219162307692,0.6475000000000001,169.57969230769234,1.63,0.0911320722202358,0.039062662247424,0.0493121703408502,1854.7,1.892,697.8600000000001,7305.73
Senegal,2022,189142.9375,3495419.9166666665,1203.329947,0.6393749999999999,169.36353846153847,1.65,0.2783344738949067,0.0188481793035491,0.0779146194660317,1931.9,1.54,716.48,7071.85
Senegal,2023,195651.25,3416658.083333333,1209.1121233846154,0.63,176.33969230769225,1.67,0.0420799764887776,0.0182211971556531,0.1060356118348331,2038.7,2.052,524.69,7565.59
Senegal,2024,194990.9375,3401298.25,,,177.54507692307695,,,,,2003.5,1.926,528.34,7661.195
Sierra Leone,1990,41667.56756756757,181754.4,168.2907434,0.658125,23558.012307692312,1.96,0.01439968865538,0.00959979243692,0.00719984432769,1201.7,0.588,2703.68,5967.035000000001
Sierra Leone,1991,39399.79487179488,182838.4,169.26476630000002,0.650625,96.5667924528302,1.94,0.005076168560034,0.005076168560034,0.005076168560034,1233.7,0.602,2578.63,5985.810000000001
Sierra Leone,1992,36544.79487179488,192212.6,168.56237249999998,0.6487499999999999,8071.300943396229,1.95,0.0164182068090649,0.0109454712060432,0.0109454712060432,1234.0,0.205,2747.84,5773.92
Sierra Leone,1993,38283.8717948718,199792.8,167.97144630000005,0.658125,7791.056415094341,1.99,0.0261206600355903,0.0261206600355903,0.0261206600355903,1187.8,0.517,2223.45,5913.345
Sierra Leone,1994,37679.94871794872,210813.0,168.9523642,0.650625,8318.67245283019,1.97,0.0265393142513388,0.0265393142513388,0.0265393142513388,1161.1,0.431,1940.99,5860.360000000001
Sierra Leone,1995,33435.769230769234,207213.0,168.8895489,0.6362499999999999,93.79113207547174,1.93,0.0299080901383815,0.0299080901383815,0.0299080901383815,1195.0,0.42,2481.8100000000004,6131.919999999999
Sierra Leone,1996,35463.64102564102,188213.0,169.7435676,0.6018749999999999,87.76849056603773,1.81,0.028197894268018,0.028197894268018,0.028197894268018,1253.3,0.553,1052.01,6453.615
Sierra Leone,1997,38751.69230769231,170213.0,170.71591629999998,0.6,84.25018867924527,1.82,0.0258053246309831,0.0258053246309831,0.0258053246309831,1205.6,0.727,2624.01,5974.26
Sierra Leone,1998,35596.97435897436,173213.0,170.9230061,0.599375,74.24018867924528,1.84,0.002809227520057,0.002809227520057,0.002809227520057,1111.6,1.017,3320.84,6108.8
Sierra Leone,1999,29947.46153846154,164413.0,170.2964894,0.575625,62.90943396226415,1.75,0.0010017543544206,0.0010017543544206,0.0010017543544206,1118.9,0.546,1933.13,6013.839999999998
Sierra Leone,2000,25920.589743589742,149130.9090909091,171.334312,0.5575,57.40547169811319,1.72,0.0019289684569141,0.0019289684569141,0.0019289684569141,1078.2,,1792.93,5771.175
Sierra Leone,2001,35422.46153846154,116404.45454545454,176.50399679999998,0.541875,57.13301886792453,1.66,0.0028230675017154,0.0028230675017154,0.0028230675017154,998.2,0.803,763.0699999999999,6616.585000000001
Sierra Leone,2002,46240.53846153846,127003.54545454546,181.5026046,0.54625,62.14641509433962,1.63,0.068619443145956,0.0216044196983328,0.0,995.9,0.967,497.54,7179.415000000001
Sierra Leone,2003,61977.51282051282,143418.18181818182,186.714498,0.56875,70.52075471698112,1.61,0.0062119304644404,0.002258883805251,,1011.8,0.787,553.53,7214.575000000001
Sierra Leone,2004,71883.58974358975,165089.63636363635,190.441844,0.579375,78.40132075471698,1.6,0.0070808928966347,0.0017528339979881,0.0020310616167164,1000.3,0.992,1080.55,6634.839999999999
Sierra Leone,2005,73296.0,192564.36363636365,195.16739740000003,0.5875,83.96754716981131,1.64,0.008663501418904,0.0017872735210652,0.0017872735210652,1117.8,1.127,896.02,6610.25
Sierra Leone,2006,83530.53846153847,233264.9090909091,199.9431242,0.6581250000000001,90.78301886792453,1.78,0.004716837784799,0.0011133652639246,0.0008978752128424,1347.6,1.043,859.3,6750.94
Sierra Leone,2007,64418.769230769234,255318.8181818181,201.6370984,0.58,87.27226415094341,1.77,0.0123411237049878,0.0034306771557261,0.0036169582682542,1290.4,0.773,805.8899999999999,6839.665
Sierra Leone,2008,68626.97435897436,298995.8181818182,204.7880948,0.548125,91.9145283018868,1.66,0.0046774610566525,0.0021274433466394,0.0019671565191529,1350.9,1.15,2223.27,6436.19
Sierra Leone,2009,74138.05128205128,374828.9090909091,208.6043264,0.558125,102.41433962264152,1.69,0.0185734582469845,0.0037227846595263,0.0037497613599576,1645.9,0.751,3311.05,6261.47
Sierra Leone,2010,81070.51282051283,408673.6363636364,213.8695717,0.543125,113.78641509433962,1.62,0.0062661500751165,0.0035277931525262,0.0023683086898078,1747.2,1.206,2365.57,6439.535
Sierra Leone,2011,86085.92307692308,445963.4545454545,218.3745894,0.56,120.68207547169808,1.66,0.0056803712212395,0.0026485166430319,0.0026485166430319,1751.1,0.952,941.72,6568.369999999999
Sierra Leone,2012,80823.10256410256,472934.0,221.992184,0.6000000000000001,125.51566037735849,1.92,0.0191281941790568,0.0065946490927796,0.0293232989678943,1539.0,0.405,3141.8500000000004,6264.884999999999
Sierra Leone,2013,84286.76923076923,489924.4545454545,229.8958899,0.585,127.94792452830194,1.83,0.022542090737847,0.0079371887913787,0.0067626272213541,1777.5,0.71,2754.9300000000003,6110.565
Sierra Leone,2014,86851.89743589744,497541.0909090909,235.3552908,0.59125,101.93924528301888,1.9,0.0037650300068728,0.0003339017437287,0.0004835818357451,1519.7,0.671,2599.75,6146.165000000001
Sierra Leone,2015,78395.92307692308,490048.9090909091,240.42635390000004,0.57625,99.59150943396229,1.92,0.0021557243459481,0.0,0.0,1339.7,0.903,2994.8,6144.605
Sierra Leone,2016,83592.46153846153,477541.3636363637,244.0844242,0.55875,98.46905660377357,1.87,0.014439101059904,0.0092711709373865,0.0112450331369592,1092.3,0.886,3814.97,6274.910000000001
Sierra Leone,2017,76982.58974358975,468794.8181818182,247.4271259,0.540625,98.4298113207547,1.86,0.0382294231696072,0.0280582922345741,0.027252915327841,1141.7,1.408,3122.78,6316.359999999999
Sierra Leone,2018,98865.5,492143.6363636364,248.2103802,0.569375,99.66566037735848,2.01,0.025064355108708,0.0087998341180694,0.0088301783736489,813.0,0.951,3092.31,6167.7
Sierra Leone,2019,62063.0,497001.2727272727,252.4542484,0.48625,100.14056603773584,1.73,0.0399271707780796,0.0140502392729965,0.0140663519327133,1523.0,1.4,2827.0,6392.655
Sierra Leone,2020,70628.3,500928.4545454545,256.9562505,0.4812499999999999,106.74811320754718,1.75,0.0350850862897728,0.0123463257646012,0.0123604843950652,1630.0,1.579,2090.52,6352.695000000001
Sierra Leone,2021,89351.975,521670.3636363637,263.9610694,0.53125,116.8001886792453,1.97,0.0277330187721085,0.0097591575340107,0.0097703492284304,1929.4,1.589,4502.89,6449.87
Sierra Leone,2022,77761.275,507922.4545454545,265.1136789,0.486875,114.24075471698112,1.83,0.0318667614439188,0.0112138079011691,0.0112266677726154,1895.4,1.482,1953.25,6246.930000000001
Sierra Leone,2023,71195.7,509148.0,268.5954905,0.498125,113.56283018867924,1.92,0.0348054728024299,0.0122479307036799,0.0122619764957713,1446.1,1.343,3198.7900000000004,6254.11
Sierra Leone,2024,86008.49019607843,514587.0909090909,,,140.47698113207542,,,,,1370.3,1.616,2970.87,6264.6
Somalia,1990,49852.878787878784,6480451.666666667,354.0689672222222,2.706875,142.06377777777777,0.93,,,,627.6,0.116,497.23,6838.974999999999
Somalia,1991,42678.06060606061,5271008.333333333,362.5078207777778,2.5906250000000006,106.54666666666664,0.86,,,,560.9,0.213,367.43000000000006,6779.909999999999
Somalia,1992,35263.545454545456,4369875.0,368.4572873333333,2.5625,95.58622222222222,0.81,,,,504.7,0.506,337.29999999999995,6902.215
Somalia,1993,36292.030303030304,4945425.0,382.305282,2.6399999999999992,95.294,0.86,,,,452.5,0.106,816.9599999999999,6371.395
Somalia,1994,74810.75757575757,5503962.5,397.1208722222223,2.651875,105.57999999999998,0.9,,,,410.4,0.45,452.2,6653.565
Somalia,1995,50103.181818181816,5712433.333333333,410.530772,2.606875,102.734,0.92,,,,494.6,0.421,448.98,6696.554999999999
Somalia,1996,48896.181818181816,5804229.166666667,422.9206996666667,2.5518750000000003,105.9682222222222,0.93,,,,504.5,0.576,304.86,6776.005000000001
Somalia,1997,53502.30303030303,5879350.0,434.7318545555556,2.496875,106.2882222222222,0.94,,,,481.1,0.363,653.9,6744.594999999999
Somalia,1998,42977.0,5770641.666666667,447.4257916666667,2.393125,100.82666666666668,0.94,,,,419.6,0.536,135.48999999999998,7111.475
Somalia,1999,44802.66666666666,5692604.166666667,458.9586444444445,2.3168750000000005,101.5735555555556,0.94,,,,581.7,0.277,270.8,6801.664999999999
Somalia,2000,44748.5,5795475.0,424.9529581000001,2.24375,104.66652173913045,0.95,,,,733.0,0.354,336.33,6741.225
Somalia,2001,45004.35294117647,5934184.166666667,435.4898427,2.185625,111.95217391304348,0.96,,,,812.7,0.652,146.9,7018.025
Somalia,2002,48826.94117647059,5999550.833333333,445.1541919,2.126875,128.42478260869564,0.96,,,,769.8,0.676,221.29,7056.600000000001
Somalia,2003,49569.58823529412,6054507.5,455.4547076999999,2.065,125.12347826086956,0.97,,,,688.0,0.9,434.21,6911.655
Somalia,2004,53150.05882352941,6222187.5,465.9577342,2.0075000000000003,132.10456521739127,0.97,,,,581.1,0.355,356.37,6894.665
Somalia,2005,48141.5,6407215.833333333,475.4737882,1.9668750000000008,127.28500000000004,0.98,,,,650.9,0.957,235.23,6914.594999999998
Somalia,2006,46431.23529411765,5779654.166666667,484.6123166,1.8462500000000004,120.47391304347823,0.95,,,,493.7,0.734,384.47,7001.15
Somalia,2007,34660.08823529412,5260487.5,492.9724522,1.734375,120.58630434782609,0.92,,,,605.8,0.807,273.62,7058.734999999999
Somalia,2008,39724.26470588235,5254654.166666667,501.3489855,1.6900000000000002,112.56043478260868,0.92,,,,557.5,0.511,468.17,6774.150000000001
Somalia,2009,48046.882352941175,5244654.166666667,508.062039,1.6531250000000002,106.0763043478261,0.92,,,,416.4,1.114,255.33999999999995,7029.540000000001
Somalia,2010,52216.02941176471,5304637.5,517.6141617000001,1.6218750000000002,118.13108695652171,0.92,,,,575.2,0.903,519.14,6865.129999999999
Somalia,2011,30929.352941176472,5354620.833333333,522.1733034000001,2.144375,102.02478260869565,1.32,,,,457.2,0.709,461.7600000000001,6859.245000000002
Somalia,2012,35017.26470588235,5374604.166666667,527.0668033,2.135,113.4226086956522,1.33,,,,1190.0,0.525,448.85,6764.08
Somalia,2013,38691.94117647059,5382962.5,535.6399205,2.0700000000000003,107.36065217391308,1.32,,,,964.0,0.654,567.57,6809.25
Somalia,2014,44558.117647058825,5404645.833333333,540.0687009,2.0006249999999994,99.31108695652176,1.33,,,,582.9,0.664,545.8600000000001,6841.55
Somalia,2015,45037.294117647056,5368465.0,547.7384952,1.935,103.70260869565216,1.33,,,,593.8,1.34,560.4500000000002,6924.37
Somalia,2016,35117.35294117647,5299768.333333333,556.0773531,3.794375,96.985,1.32,,,,507.3,0.894,151.13999999999996,7009.42
Somalia,2017,39068.08823529412,5204439.583333333,566.2237991,3.64875,100.3586956521739,1.32,,,,506.6,1.145,136.02,7190.229999999999
Somalia,2018,38229.794117647056,5186949.916666667,575.2067276,3.52875,101.81565217391308,1.32,,,,710.2,0.189,144.64,7066.385
Somalia,2019,39874.382352941175,5208268.833333333,585.2044989,3.411875,101.94152173913042,1.33,,,,523.3,1.032,183.74,7321.275000000001
Somalia,2020,35346.14705882353,5224595.166666667,597.0310477999999,3.29,98.87195652173912,1.33,,,,503.7,1.232,415.17,7042.499999999999
Somalia,2021,33807.44117647059,5096482.916666667,604.3648723,0.9175,95.47608695652173,0.68,,,,314.0,1.096,757.2800000000001,6707.204999999999
Somalia,2022,35536.44117647059,4965024.333333333,612.5411232,0.888125,105.36521739130436,0.68,,,,396.0,1.149,270.24000000000007,6988.624999999999
Somalia,2023,38681.617647058825,4816391.25,621.1413967999999,0.8624999999999999,102.68260869565216,0.67,,,,478.0,0.831,757.4899999999999,7019.039999999999
Somalia,2024,36665.294117647056,4650472.75,,,107.34782608695652,,,,,362.1,2.137,416.77,6961.525000000001
South Africa,1990,212093.37974683545,7089554.666666667,5351.279832272728,2.41875,126.39958333333338,0.4,1.7803478847417078,1.2753816282379025,0.6458806029849373,1877.3,0.313,413.35,2716.7900000000004
South Africa,1991,198733.6913580247,7118820.933333334,5420.472269909091,2.4125,131.37999999999997,0.41,1.8019088638316003,1.3002324781180832,0.6219378262205691,1986.1,0.344,667.39,2803.32
South Africa,1992,184101.1219512195,6930612.266666667,5275.722668545454,2.2475,110.37597938144329,0.4,1.9717424649708577,1.3220994930410654,0.6865791944140949,944.7,0.78,264.39000000000004,2849.13
South Africa,1993,192904.1829268293,6561498.0,4927.640741583334,2.266875,119.3463917525773,0.4,2.133717339639667,1.561293256736892,0.6770200522273659,2160.1,0.812,515.1700000000001,2836.37
South Africa,1994,198240.43902439025,6552672.666666667,5182.009043,2.31875,119.68690721649486,0.4,1.8921467377997896,1.2459617281699495,0.6557693306157629,2585.0,0.199,427.3600000000001,2724.33
South Africa,1995,179974.63414634147,6535509.4,5511.873786416668,2.42,117.01432989690724,0.4,2.144746685169714,1.3335212550278015,0.7834437373288333,1419.2,0.623,548.0699999999999,2773.055
South Africa,1996,191087.2073170732,6637688.8,5762.165651749999,2.42875,119.22237113402062,0.42,2.119451143204876,1.3391791297435254,0.7483494159957957,2490.2,-0.158,722.4399999999999,2579.02
South Africa,1997,192508.91463414635,6722725.466666667,5956.63119375,2.51,125.90711340206188,0.42,2.103798677425824,1.1687770430143465,0.6804879672661307,2271.8,0.225,487.65,2688.07
South Africa,1998,167922.17073170733,6774096.133333334,6037.273255583333,2.46875,121.63247422680408,0.45,2.417786753416093,1.2982204735091338,0.9456761981341764,2181.7,0.824,572.0500000000001,2781.5250000000005
South Africa,1999,180366.43902439025,6678615.8,5903.760755583334,2.426875,125.18835051546384,0.44,2.2897829675738586,1.2602122724686151,0.7562382488549015,2191.4,1.081,400.85,3083.6150000000007
South Africa,2000,176924.6219512195,6667257.666666667,6092.415901666666,2.399375,128.7025773195877,0.42,2.350718602155142,1.0569472916638891,0.7766019137680128,2765.9,0.248,578.7,2655.1100000000006
South Africa,2001,166676.78048780488,6670377.466666667,6417.849226249999,2.246875,117.23144329896904,0.41,2.3578569183411364,1.412914260227322,0.8039512138873086,2424.1,0.497,700.07,2638.11
South Africa,2002,173773.4512195122,6308049.066666666,6333.299822416666,2.195625,112.78340206185568,0.43,2.74536758435761,1.2940929608167218,0.7858277489551637,2772.6,0.487,431.00000000000006,2746.5
South Africa,2003,168122.43902439025,6257986.4,6799.145193,2.36875,106.85567010309276,0.42,2.5030983516658734,1.1940940255504773,0.7640859884346729,2536.8,0.921,493.62,2916.655
South Africa,2004,159371.92682926828,6194465.333333333,7339.107484833334,2.541875,105.8978350515464,0.42,2.682850163806107,1.430032280679837,0.9182733930096576,2777.9,0.961,704.8299999999999,2604.0550000000003
South Africa,2005,153964.96341463414,6223598.666666667,7942.740478250001,2.46125,113.91896907216494,0.43,2.2554482026200464,1.035859045219895,0.7588739503372868,3309.6,1.163,505.75,3182.605
South Africa,2006,125978.18292682926,6149978.6,8169.928444249999,2.546875,95.1881443298969,0.42,3.4031210011102115,1.6175816737915487,1.2140197329947957,3141.0,0.452,777.36,2394.505000000001
South Africa,2007,127551.56097560975,6197844.666666667,8514.33808125,2.615,96.77082474226803,0.43,3.445508597766462,1.5092720036316136,1.0731660118700836,2790.3,0.878,422.21,2704.75
South Africa,2008,145330.0487804878,6230452.533333333,9056.853140666668,2.704375,99.660206185567,0.44,2.918343477890172,1.2731090476647515,0.7665930131784086,4063.2,0.787,500.58,2941.57
South Africa,2009,138575.23170731709,6182086.733333333,9023.828777166667,2.5893750000000004,98.53072164948458,0.44,2.987546871827723,1.306149719325647,0.7995656845374679,4405.5,0.801,527.9300000000001,2811.09
South Africa,2010,138416.26829268291,6102382.4,9666.713307749998,2.454375,98.250412371134,0.44,2.853710802004608,1.2426285011260572,0.7730305210493496,4150.4,1.237,563.4399999999999,2955.935
South Africa,2011,143628.68292682926,6055798.0,8822.75922625,2.41625,101.48680412371132,0.46,2.917244602273865,1.2950059570953196,0.8424501118738369,4017.0,0.547,574.83,2609.08
South Africa,2012,144139.79268292684,6090984.0,9261.455835333334,2.3756250000000003,101.13701030927832,0.48,2.94852651089138,1.3181647931043814,0.8602759702365437,4243.5,0.722,368.28,2837.945
South Africa,2013,150511.17073170733,6085412.6,9615.921037166669,2.341875,101.9036082474227,0.47,2.6841861506754525,1.780598733616389,0.916875467309932,4043.0,0.821,339.9200000000001,2914.2850000000003
South Africa,2014,152672.3780487805,6030338.666666667,9847.6669815,2.354375,101.25247422680414,0.47,2.587239453844038,1.7291929514299398,0.9097912914909796,4899.6,0.916,434.12,2779.24
South Africa,2015,167813.93902439025,5960828.4,9902.775708416668,2.214375,101.85268041237109,0.47,2.127356059189524,1.5678077847976577,0.786585433649908,3348.4,1.389,214.14,3193.7500000000005
South Africa,2016,141826.81707317074,5800676.533333333,9838.356681833331,2.423125,96.89432989690718,0.49,2.305628841908601,1.6569503909740717,0.881356590943655,3623.1,1.647,331.66,3354.635
South Africa,2017,162851.57317073172,5640567.266666667,9766.009414833334,2.37,102.9958762886598,0.51,2.886063615162345,1.645670316730869,0.8345022240437504,5331.8,1.191,387.35,2788.82
South Africa,2018,163541.57317073172,5582975.866666666,10531.266190583332,2.30875,107.3347422680412,0.46,3.105821902971024,1.9371771584296824,1.567466883373943,4651.9,1.071,364.99000000000007,2952.3700000000003
South Africa,2019,158306.17073170733,5476639.066666666,10284.170783583331,2.3525,108.0328865979382,0.44,3.380834730106951,2.055485256803221,1.5216463065627748,4101.6,1.978,427.3200000000001,3228.9100000000003
South Africa,2020,163130.0487804878,5361313.666666667,10006.6379405,2.191875,112.83175257731958,0.43,3.606907521935194,1.759970049333665,1.5665109028678506,5121.0,0.985,587.71,2640.82
South Africa,2021,163353.92682926828,5330865.6,10041.285428833333,1.7956249999999998,117.84474226804126,0.46,3.787714271764518,2.1349838768461766,1.7640837021394855,5493.8,0.867,663.62,2700.955
South Africa,2022,173800.86585365853,5318777.6,9851.690269666668,1.69,119.67752577319584,0.43,3.11661853546856,1.84952473292429,1.3491129566490758,5310.4,1.014,626.3800000000001,2734.77
South Africa,2023,175232.30487804877,5316352.4,9941.344022833331,1.6974999999999998,119.53360824742263,0.44,2.4004592092350583,1.7056843497436651,1.1796340871271234,5703.0,1.053,416.62000000000006,3038.96
South Africa,2024,176188.42682926828,5277687.266666667,,,119.91175257731952,,,,,4562.0,1.553,352.63,3211.34
South Sudan,2012,195783.2258064516,10280500.0,432.396485625,2.55375,92.53624999999998,2.04,5.107689874251945e-06,0.0,0.0,705.2,1.037,912.93,6950.695
South Sudan,2013,194150.0,10372500.0,448.913491125,2.431875,88.667,2.01,0.0,2.5753283543651685e-05,2.5753283543651685e-05,765.6,1.327,924.6600000000002,6942.965
South Sudan,2014,174802.0,10574250.0,474.81962175,2.45125,97.24175,2.04,7.436985846843816e-05,0.0,2.2883033374904048e-05,1253.7,1.079,1294.15,6537.715
South Sudan,2015,162808.5,10603277.75,510.872170875,2.47375,102.28097560975608,2.03,0.0003378201998052,4.2995298157036994e-05,0.0,907.3,1.25,1319.2099999999998,6707.84
South Sudan,2016,157149.53125,10526545.625,539.9448737499999,2.6125000000000003,100.40999999999998,2.09,0.0004327088948921,5.0906928810835694e-05,6.363366101354462e-05,879.1,1.38,1530.77,6787.275
South Sudan,2017,149763.46875,10689590.25,552.460268625,2.649375,100.14243902439024,2.01,0.000420663333494,0.0,1.3354391539492082e-05,885.2,1.402,1286.32,6787.120000000001
South Sudan,2018,157507.59375,11239611.25,606.49506475,2.986875,101.79,2.24,0.0006094944231855,0.0005460054207703,0.0003872829147324,843.7,1.259,1216.5100000000002,6861.26
South Sudan,2019,163109.0625,11465255.0,651.70992225,2.51875,114.82146341463412,1.91,0.0005027311097444,0.0003985063674803,0.0004168989690563,880.5,1.081,1307.2899999999995,6824.200000000001
South Sudan,2020,169254.0,11635516.75,695.9373714999999,2.8325,109.00365853658536,2.25,0.0006380942252472,0.000236331194536,0.0002008815153556,885.5,0.606,1394.02,6721.46
South Sudan,2021,174323.5,10557869.0,751.4061072499999,2.6225,111.57121951219511,2.1,0.0014111694636695,5.73646123442906e-06,5.73646123442906e-06,844.6,1.081,1315.41,6893.14
South Sudan,2022,175629.9375,11217183.375,751.62234625,2.47875,115.8282926829268,2.0,0.0011615331810956,0.0,0.0,1055.7,0.881,1244.23,6947.585
South Sudan,2023,180882.78125,11253408.0,758.5589763749999,2.4650000000000003,115.8312195121951,2.07,0.0025320265247745,2.2113768775323816e-05,2.2113768775323816e-05,982.8,1.433,1339.8699999999997,7086.91
South Sudan,2024,191314.75,11133153.5,,,117.92878048780484,,,,,945.0,1.975,1329.0799999999997,7077.004999999999
Sudan,2012,415143.0181818182,17797578.833333332,1903.479387,1.2212500000000002,86.04626865671638,0.74,0.0691785691730506,0.0856837245048429,0.0043117670817145,539.4,1.007,111.44,6579.0
Sudan,2013,668968.4727272728,17867515.416666668,1878.8134624,1.211875,92.38611940298506,0.74,0.0682319150466282,0.0042797233602474,0.0049673491882998,594.1,1.198,75.37,6534.675
Sudan,2014,762358.4181818182,17953820.0,2046.5092911,1.185625,99.35268656716418,0.74,0.0531679050605473,0.0480430190399823,0.0080146029141673,683.4,1.024,136.44,6614.115
Sudan,2015,510738.2181818182,18080841.58333333,2214.3137443,1.18,97.42358208955224,0.75,0.150617277621889,0.0145005792328693,0.0107961374412694,572.1,1.565,66.26,6514.389999999999
Sudan,2016,785059.1272727273,18235726.916666668,2392.804705,0.9550000000000002,103.22402985074623,0.76,0.227809592662528,0.0119965486328626,0.0038188206414655,686.0,1.271,226.73,6412.905
Sudan,2017,698095.5818181818,18340527.83333333,2434.9920775,0.9287500000000002,111.5279104477612,0.76,0.234803090392128,0.0067569543811101,0.0055780327241981,600.9,1.364,67.68,6736.420000000001
Sudan,2018,907200.8909090908,18438331.666666668,2610.6151402999994,0.915,122.09104477611936,0.76,0.1328007955098808,0.0297155792836422,0.0018661798251801,731.8,1.39,84.28000000000002,6499.499999999999
Sudan,2019,877415.2909090909,18526555.666666668,2729.6272056000003,0.888125,119.16223880597016,0.76,0.1373089815601156,0.0115327372395296,0.0059698070620274,554.4,1.05,130.25,6649.86
Sudan,2020,899229.3272727273,18615378.916666668,2727.7109101,0.8812500000000001,124.76253731343284,0.78,0.2776677677509422,0.0437519093369912,0.0018827232927719,595.2,0.709,167.84999999999997,6321.81
Sudan,2021,918194.6181818182,18324410.916666668,2713.3060643,1.2049999999999998,128.234776119403,0.78,0.1312107451016919,0.0293597887269056,0.0018438356819738,515.0,1.438,376.93000000000006,6456.289999999999
Sudan,2022,843462.7636363637,17927245.666666668,2729.6061004000003,1.150625,121.6971641791045,0.75,0.1428100980779405,0.0319611026855267,0.0020072018267896,675.6,1.008,245.89,6343.065
Sudan,2023,712754.509090909,18136222.08333333,2741.0613345000006,1.16125,112.8141791044776,0.77,0.1690301477764954,0.0378222791384145,0.0023752918829785,454.9,1.439,178.29999999999998,6742.445000000001
Sudan,2024,774142.3818181818,18431072.666666668,,,120.17298507462684,,,,,580.3,1.319,373.84,6251.944999999999
Togo,1990,62524.175,677142.0,278.98113,0.4262499999999999,70.54468085106383,0.82,0.07996906796451,0.07996906796451,0.023990720389353,746.8,0.63,1169.64,6149.975000000001
Togo,1991,57364.35,565249.0909090909,284.09815309090914,0.4031249999999999,64.16291666666667,0.77,0.0956517418919573,0.0638375576468649,0.0452371551320629,762.7,0.28,1425.7,5825.535000000001
Togo,1992,54061.45238095238,444825.8181818182,288.20017490909095,0.374375,68.52380000000001,0.72,0.1099859463282725,0.0679412009525302,0.0482968896507096,863.3,0.075,1002.01,5941.345
Togo,1993,65676.76744186046,450667.0,283.4339178181818,0.37875,74.84176470588234,0.7,0.0721868658380124,0.0456478008399834,0.0323706552988007,877.6,0.472,1227.21,6121.9400000000005
Togo,1994,69900.3953488372,420284.2,286.3358012727273,0.37625,71.00745098039215,0.69,0.0739337735388916,0.0517736699762478,0.0340055301280854,721.7,0.469,1363.54,5928.9
Togo,1995,66232.0,338113.4,288.8068879090909,0.3556249999999999,66.43745098039216,0.65,0.0886278536055065,0.1175866650561644,0.0418981761082249,849.3,0.552,1442.23,5866.139999999999
Togo,1996,81216.13953488372,460773.6,294.4884283636364,0.374375,77.6813725490196,0.7,0.0995491788492021,0.057784081179877,0.0595201893082304,811.4,0.673,1256.7800000000002,5879.685
Togo,1997,77593.06976744186,563100.2,300.5269662727273,0.38125,74.99901960784317,0.79,0.0774553709243982,0.0695938440918054,0.0695938440918054,981.1,0.568,1310.61,5941.625000000001
Togo,1998,79428.93023255814,604451.8,298.97309445454545,0.433125,76.55705882352942,0.93,0.0830931498218083,0.0667263172811491,0.0667263172811491,835.4,1.133,1412.9299999999998,6131.745000000001
Togo,1999,73196.53488372093,649945.4,316.7358816363636,0.4299999999999999,77.3429411764706,0.86,0.1161257156981935,0.0573797654038132,0.0573797654038132,1060.8,0.649,1344.7600000000002,5911.389999999999
Togo,2000,71016.62790697675,695835.8,323.05400745454546,0.396875,74.35235294117646,0.82,0.126223959996265,0.0765595348616346,0.0765595348616346,1058.3,0.599,1116.1,6045.230000000001
Togo,2001,71881.72093023256,709461.8,310.376789,0.355,77.66196078431375,0.7,0.1279880320190061,0.0695587130538077,0.0695587130538077,1150.3,0.733,1007.54,6302.76
Togo,2002,73927.3488372093,734879.6,309.64282241666666,0.37375,80.28509803921568,0.77,0.0794834400586863,0.0499815028959914,0.0503873067084082,1131.1,0.813,1298.75,6147.840000000001
Togo,2003,75853.27906976744,759390.0,323.1227305,0.3924999999999999,77.65098039215685,0.8,0.0868123313949715,0.0758833378146479,0.0786913904474693,1154.7,1.052,1650.74,6020.24
Togo,2004,76836.68181818182,757024.0,337.5656040833333,0.370625,77.6048076923077,0.73,0.0575246079790244,0.0236605740511009,0.0310919204664907,1094.8,0.785,1360.2,5806.255000000001
Togo,2005,67134.06818181818,823372.8,341.79541391666663,0.4293749999999999,82.69365384615384,0.97,0.0088032800038185,0.0003723891710583,0.0010128985452786,1132.6,1.002,1156.65,6095.759999999999
Togo,2006,71125.29545454546,850568.4,346.42272108333333,0.3831249999999999,86.46961538461538,0.84,0.0,0.0,0.0004639699531524,1130.7,1.045,1209.6699999999998,6260.969999999999
Togo,2007,70817.25,865602.7,355.87861316666664,0.355625,90.61038461538462,0.75,0.0,0.0,0.0,1121.6,0.899,1550.3,5783.18
Togo,2008,72481.45454545454,875376.0,364.13183175,0.360625,98.39346153846154,0.79,0.0,0.0,1.3796632618249492e-05,1144.4,0.784,1328.7700000000002,5769.01
Togo,2009,73537.55555555556,906897.0,400.8542271666666,0.40375,101.83056603773584,0.83,0.0,0.019581831203406,0.0773346347595624,1242.9,0.919,1506.84,5926.145
Togo,2010,77231.84444444445,927983.4,403.8546225833333,0.3875,99.85113207547172,0.81,0.1194714442775891,0.0672261557049141,0.1266575992113772,1187.4,1.294,1494.57,5964.845
Togo,2011,81534.28888888888,938496.6,398.72815425,0.41,108.7711320754717,0.95,0.1632687324732887,0.0297911471737994,0.1148105922988623,1226.3,0.908,1353.1799999999998,5730.01
Togo,2012,101073.73333333334,1096007.0,393.3830000833333,0.383125,99.40150943396227,0.84,0.0678811375985577,0.0540199695799628,0.0097948296491141,1112.4,0.613,1442.88,5737.110000000001
Togo,2013,104973.28888888888,1163497.9,399.63338041666674,0.3824999999999999,98.37490566037737,0.93,0.0885272824959907,0.0816779210287985,0.1257843794336663,1012.6,0.821,1181.71,5979.405
Togo,2014,108433.75555555556,1029062.1,424.40732325,0.348125,99.79320754716984,0.83,0.0159913302930061,0.0291237722406652,0.0,1153.1,1.014,1369.71,6128.889999999999
Togo,2015,100077.53333333334,1094326.1,412.1764949166666,0.376875,99.7624528301887,0.95,0.0097424463565914,0.011650966617216,0.0666982865951259,1236.2,1.206,1114.4999999999998,6240.360000000001
Togo,2016,108551.62222222224,1164333.4,455.96813541666666,0.3818749999999999,100.44490566037736,0.93,0.113724693811832,0.0844943614128897,0.135695807197107,1130.8,1.181,1436.56,6273.849999999999
Togo,2017,114971.95555555556,1239441.4,449.1281595833333,0.368125,106.9171153846154,0.94,0.0371394917949069,0.0033138516098031,0.0927530539814725,1137.2,1.282,1351.21,6020.155000000001
Togo,2018,119987.93333333332,1302256.7,492.9222097500001,0.37375,111.61557692307692,0.96,0.1725673526060106,0.0854669275077097,0.0811331583898151,1145.2,1.101,1515.35,5908.03
Togo,2019,124723.37777777776,1406531.5,489.069492,0.3774999999999999,115.10423076923075,0.97,0.0280781362916546,0.0143918488416676,0.0143918488416676,1143.0,1.242,1574.7799999999995,5922.015
Togo,2020,118910.73333333334,1499376.5,510.7227680833334,0.394375,117.02634615384616,1.06,0.0294506635509772,0.0150953572455751,0.0150953572455751,1150.3,1.137,1699.3199999999997,5757.095
Togo,2021,120375.15555555555,1599325.8,528.16991625,0.37625,123.34538461538462,1.03,0.0087476522471782,0.0077756908863806,0.0289345420483589,1149.5,1.534,1326.65,5957.154999999999
Togo,2022,124332.02222222222,1706383.1,533.8287776666666,0.395,130.58384615384617,1.16,0.190409514595416,0.0464964688635676,0.0464964688635676,1167.8,0.951,1812.56,5846.834999999999
Togo,2023,129361.24444444444,1798552.4,535.2863131666667,0.378125,134.12,1.1,0.2052778644333784,0.075146154025866,0.0752311872214512,1196.5,1.359,1526.7599999999998,6044.165000000001
Togo,2024,132037.53333333333,1817806.0,,,135.97615384615386,,,,,1197.7,1.624,1273.43,6126.874999999999
Tunisia,1990,86716.95,1181359.5714285714,975.41807025,0.7237499999999999,83.49450980392157,0.5,0.4347477626922945,0.5097042735013108,0.0230635417873896,1144.6,1.275,356.87,4302.21
Tunisia,1991,92378.12345679013,1234212.857142857,1016.0079641666669,0.7906249999999999,88.22529411764707,0.55,0.559656313263195,0.4882108264636382,0.022732654890768,1546.3,-0.185,132.89,3836.97
Tunisia,1992,87744.62962962964,1255985.7142857143,1050.4484855,0.765,90.05784313725495,0.54,0.6261693761990216,0.5481816973076268,0.0227934177674688,1516.8,-0.143,189.69000000000003,4069.2200000000007
Tunisia,1993,92679.75308641976,1373150.7142857143,1056.7715679166668,0.7875,93.38186274509803,0.57,0.5416501266807453,0.4607263029734626,0.0269746079024275,1210.3,0.488,84.81,4315.295
Tunisia,1994,69289.16049382716,1226711.7142857143,1081.1879511666666,0.7393750000000001,74.29941176470588,0.55,0.6783167766073087,0.5628586018656392,0.043296815528126,893.9,1.18,102.54,4518.9
Tunisia,1995,65821.70731707317,1219342.857142857,1117.3691877499998,0.7243750000000001,75.95495145631065,0.53,0.6077022555387891,0.5317394735964405,0.0303851127769394,1109.8,0.507,193.66,4164.49
Tunisia,1996,105682.4024390244,1351199.7142857143,1153.0745953333335,0.7593750000000001,88.6339805825243,0.6,0.492040290529939,0.3879548444562981,0.0378492531176876,1447.1,0.48,149.28,4037.92
Tunisia,1997,70668.37804878049,1246896.5714285714,1183.09331425,0.75,80.1078640776699,0.57,0.7287559361338418,0.5663070400791524,0.0707530035081399,1061.2,1.105,160.60000000000002,4317.16
Tunisia,1998,80152.84337349398,1282343.7142857143,1166.572553,0.77125,84.24259615384614,0.6,0.7900530702937031,0.5555386200400791,0.0748569825781637,1296.0,0.849,136.0,4333.62
Tunisia,1999,89322.578313253,1303239.0,1192.103608,0.7887500000000001,83.37490384615379,0.61,0.7276995495141799,0.4814012404478421,0.0470205862763008,1229.0,1.612,206.89,4554.770000000001
Tunisia,2000,77198.03571428571,1379288.142857143,1223.56319825,0.801875,81.32295238095236,0.63,0.8044246129504486,0.5829163861959773,0.0544055293782912,984.5,0.874,85.77000000000001,4443.17
Tunisia,2001,68989.33333333333,1371683.2857142857,1264.70154625,0.814375,78.93970873786408,0.64,0.7972246917397743,0.5797997758107449,0.0724749719763431,1715.3,1.848,91.47,4550.374999999999
Tunisia,2002,60035.21428571428,1366767.142857143,1411.2158900000002,0.81,76.84475728155338,0.6,0.9327858768603512,0.6829325169870427,0.0832844532911027,1233.7,1.111,177.05,4556.884999999999
Tunisia,2003,90980.73809523808,1314928.857142857,1448.3012697499998,0.818125,82.79271844660191,0.6,0.6594802510526097,0.4946101882894573,0.0604523563464892,1515.5,1.557,274.48,4487.185
Tunisia,2004,95140.76190476192,1367848.142857143,1435.0501832499997,0.8425000000000001,83.25038834951455,0.62,0.7147304545245163,0.4782387600127278,0.0588601550784895,1309.6,0.776,176.36,4136.27
Tunisia,2005,92144.95238095238,1417503.4285714286,1476.012838,0.8599999999999999,84.6842718446602,0.64,0.7922300474821158,0.4937872213758393,0.0607738118616417,1442.8,0.892,144.59,4303.735000000001
Tunisia,2006,88453.59523809524,1471759.4285714286,1510.7250935,0.871875,88.85660194174758,0.65,0.8309441781552838,0.5087413335644594,0.0633100326213549,1256.1,1.111,165.46,4376.529999999999
Tunisia,2007,87738.55952380953,1500418.7142857143,1592.35767775,0.910625,89.44067961165048,0.67,0.8491135528590729,0.5242848782754007,0.0638259851813531,1622.5,1.221,147.73000000000002,4191.035
Tunisia,2008,77805.91666666667,1444611.0,1657.8870504615384,0.928125,89.29951456310681,0.63,0.945943485446146,0.4755422413248288,0.0668329636456516,1467.3,1.215,45.13,4448.860000000001
Tunisia,2009,91807.45238095238,1451294.5714285714,1806.053899153846,0.93125,92.13407766990292,0.66,0.8496042312157883,0.5228333730558697,0.0544618096933197,1877.6,0.687,194.87000000000003,4200.81
Tunisia,2010,74994.46428571429,1407482.7142857143,1856.805164692308,0.958125,90.9463106796116,0.64,1.066745402636847,0.6533815591150688,0.0653381559115068,1694.1,1.589,142.21,4452.125
Tunisia,2011,92878.65476190476,1375038.142857143,1715.7591170000003,1.02375,98.58174757281552,0.63,0.8828723909730047,0.5383368237640273,0.0581403769665149,1710.8,0.86,112.76,4241.495
Tunisia,2012,94080.05952380953,1346461.2857142857,1831.3564470769231,1.0525,99.00352380952388,0.64,0.9034858229281576,0.5420914937568945,0.0531462248781269,1674.3,1.414,84.29,4165.030000000001
Tunisia,2013,89160.61904761905,1350545.2857142857,1928.5979449230767,1.0568749999999998,98.1397142857143,0.63,0.6606055524193022,0.588824983056254,0.0437412844556074,1136.2,1.24,80.74000000000001,4261.010000000001
Tunisia,2014,86849.38095238095,1347047.857142857,1972.344433,1.0612499999999998,96.8729523809524,0.66,0.7449678891260482,0.5734065050769274,0.0449053287108437,1805.8,1.671,86.03999999999999,4445.974999999999
Tunisia,2015,85450.30952380953,1299175.0,2029.4474725384616,1.07,100.91009523809524,0.66,0.8671706447049464,0.6834381329388511,0.0468108310232089,1102.7,1.047,122.39,4272.185
Tunisia,2016,77669.95238095238,1278779.0,2033.81756,0.945625,102.21780952380948,0.68,1.2707616906458117,0.7068370498121079,0.0682374565392381,1541.2,1.716,122.51,4616.244999999999
Tunisia,2017,70939.89285714286,1280432.642857143,2119.505758846154,0.9525,101.12638095238096,0.68,1.078377721179434,0.642797700467741,0.0704822039986558,1304.0,1.227,100.51,4404.395
Tunisia,2018,104444.92857142857,1283978.642857143,2182.315308307692,0.94125,105.14333333333327,0.68,0.8224429962748574,0.5294656308963867,0.0564890998605548,1223.4,1.362,102.17,4365.3150000000005
Tunisia,2019,78507.55952380953,1286520.0,2242.192960230769,0.915,108.72190476190475,0.67,0.994057138871206,0.7578887990009964,0.0789732866185912,1946.8,1.172,119.03000000000002,4466.345
Tunisia,2020,131978.58333333334,1284140.5,2242.877460846154,0.8993749999999999,107.2027619047619,0.67,0.5322378694017865,0.192455467837899,0.043188825459686,1324.4,1.831,91.7,4640.879999999999
Tunisia,2021,76084.71428571429,1258564.5,2338.4610364615387,0.9675,108.04085714285716,0.71,1.5315691344046751,0.9371133304418072,0.0810412453787402,1451.5,2.372,30.070000000000004,4944.67
Tunisia,2022,94152.10714285714,1227513.357142857,2379.951525076924,0.973125,107.97590476190474,0.7,0.9956229642079826,0.774279006728845,0.065755299460333,1640.1,1.971,72.02000000000001,4894.5
Tunisia,2023,76191.01190476191,1226161.5714285714,2382.5947285384614,0.98125,106.11838095238092,0.68,0.8463596740335307,0.9568057724593998,0.0510296411978346,1300.5,2.255,72.01,4877.714999999999
Tunisia,2024,82497.11904761905,1209082.357142857,,,107.7485714285714,,,,,1891.1,2.69,96.41,5161.945
Uganda,1990,224503.5555555556,2207622.0,1322.6807897,1.145625,73.19345454545456,3.94,0.0004097930644008,0.0004454272439139,,1497.6,0.469,1502.41,4991.075
Uganda,1991,232220.06666666668,2310604.0,1337.1347634999995,1.123125,75.7090909090909,3.95,0.0021531300338385,0.0012918780203031,0.0017225040270708,1434.1,0.387,1577.14,5162.285000000001
Uganda,1992,240682.7333333333,2359325.2,1352.7393202,1.0912500000000005,76.20763636363638,3.96,0.0016619389121114,0.0004154847280278,0.0012464541840835,1530.1,0.443,1395.04,5250.334999999999
Uganda,1993,244630.13333333333,2432262.8,1349.2260681,1.064375,83.37763636363634,3.98,0.0053141450003978,0.0016351215385839,0.0020439019232299,1541.0,0.344,1128.49,5446.73
Uganda,1994,248538.22222222225,2419910.8,1364.5439574,1.0225,82.51381818181818,3.94,0.0040235260036014,0.0016094104014405,0.0020117630018007,1495.0,0.386,1388.16,5410.89
Uganda,1995,253236.7777777777,2487306.4,1397.3020209,1.00625,84.61363636363635,3.96,0.0031590987968659,0.0007897746992164,0.0011846620488247,1571.2,0.611,1347.0199999999998,5328.935
Uganda,1996,258874.35555555555,2538360.0,1419.4386075,0.994375,83.4889090909091,3.99,0.0007725755591773,0.0007725755591773,0.0007725755591773,1204.9,0.456,1595.6899999999998,5132.709999999999
Uganda,1997,263465.8888888889,2608614.2,1445.3758035,0.98875,85.73218181818187,4.08,0.0007591115527078,0.0007591115527078,0.0007591115527078,1218.1,0.827,1263.65,5315.129999999999
Uganda,1998,273675.2888888889,2693628.6,1581.3956568,0.98875,92.79654545454544,4.15,0.0066684866120336,0.0034310733855888,0.002817207220755,1526.4,0.691,992.96,5587.280000000001
Uganda,1999,283042.06666666665,2774404.4,1619.6255709000002,0.9525,102.7698181818182,4.12,0.0073381318348202,0.0046636177284365,0.0038227533198245,1633.9,0.413,968.03,5503.494999999999
Uganda,2000,293136.0,2860484.8,1663.6422615000004,0.92125,106.47090909090912,4.0,0.0115714207739751,0.0059255772064843,0.0051511926204901,1539.4,0.477,959.53,5624.19
Uganda,2001,299657.26666666666,2968424.2,1751.8166388999998,0.650625,110.65163636363631,2.68,0.0126811541808096,0.0033371458370551,0.0033371458370551,1641.1,0.31,1196.56,5436.625
Uganda,2002,304469.35555555555,3050917.6,1756.1856256,0.6431250000000001,117.6016363636364,2.69,0.0119913545760233,0.0069826403255616,0.0055375030991989,1638.8,0.866,957.49,5676.794999999999
Uganda,2003,318937.6,3151470.6,1759.0323046,0.6537499999999999,123.91181818181816,2.74,0.0135700525745474,0.0093309788497812,0.0063554751775895,1677.6,1.029,1074.5000000000002,5689.75
Uganda,2004,321014.7111111111,3346624.4,1793.9147978,0.6356250000000001,124.47236363636368,2.7,0.0123078471585448,0.0102736724699774,0.0047007191501503,1468.0,0.839,1046.59,5600.49
Uganda,2005,319273.3777777778,3449840.0,1812.2648307,0.6474999999999999,127.25000000000004,2.83,0.0080745849151079,0.0063206021562016,0.0036332500005916,1573.8,1.409,764.5899999999999,5841.735
Uganda,2006,322707.73333333334,3550939.8,1962.349609,0.61,128.0730357142857,2.65,0.0136005417492318,0.0067305483434339,0.0033807680675351,1522.9,1.201,933.64,5777.325000000001
Uganda,2007,330634.0,3658010.6,2019.826818636364,0.630625,134.49249999999998,2.79,0.0120011856009968,0.0065661728678841,0.0041072605963088,1526.0,0.592,1040.56,5565.435
Uganda,2008,264820.1111111111,5354930.8,2098.52335,0.718125,88.32839285714284,3.18,0.0401933220076855,0.02074238235515,0.0107204848910014,1827.7,0.774,962.72,5576.995000000001
Uganda,2009,267521.1777777778,5515796.6,2175.3448543636364,0.7018749999999998,90.08196428571428,3.12,0.0263381017477909,0.0155202665990388,0.0095244795988321,2038.6,1.381,975.73,5770.560000000001
Uganda,2010,279050.2444444444,5687306.0,2252.127070818182,0.7074999999999999,94.3385714285714,3.18,0.0228130959450471,0.0100734547127753,0.0087045256127112,1978.5,1.502,1192.85,5611.78
Uganda,2011,295745.84444444446,5863378.2,2333.4013950000003,0.6906249999999999,97.72821428571427,3.14,0.0257281721550252,0.0087473756558089,0.006329759268525,2056.9,1.097,1227.24,5535.69
Uganda,2012,306549.8,6033737.2,2420.114217636364,0.694375,93.51982142857148,3.23,0.0262567452335639,0.0115348305560792,0.010044045045862,2029.1,1.138,1163.87,5379.635
Uganda,2013,308424.6666666667,6208877.0,2497.639369454545,0.67875,96.36714285714288,3.22,0.0311097037201952,0.0133095710027515,0.0102034640549717,1997.5,1.094,1070.5100000000002,5498.59
Uganda,2014,310639.2888888889,6448527.8,2648.374236090909,0.678125,99.83267857142856,3.28,0.0213720551052853,0.0108067463456006,0.0082475079348909,2080.6,1.147,1174.63,5480.925
Uganda,2015,313448.7111111111,7047684.0,2744.5764177272727,0.684375,101.40410714285711,3.4,0.0066326640573201,0.0188611399263476,0.0094401409069794,2086.8,1.202,1212.14,5521.374999999999
Uganda,2016,301829.1777777778,7281089.3,2857.539254454545,0.7456249999999999,98.76339285714286,3.09,0.0282875236345973,0.0079548306683846,0.0074379820285395,1880.5,1.298,877.6800000000001,5588.365
Uganda,2017,344265.84444444446,7364001.0,3034.033339818181,0.7262499999999998,103.66535714285712,3.08,0.0220992007274997,0.0115085480129277,0.0077207775412321,1704.0,1.75,947.58,5696.570000000001
Uganda,2018,421225.7555555556,7559319.8,3098.179161,0.714375,117.42482142857138,3.14,0.026610433602799,0.0145812546336329,0.0127959886804431,1338.0,1.087,903.67,5580.205
Uganda,2019,384381.26666666666,7739017.7,3270.5825793636363,0.699375,121.4569642857143,3.12,0.0310967287861235,0.0164576178617098,0.0128752372427445,1401.1,1.616,1428.7999999999995,5540.415000000001
Uganda,2020,433795.2222222223,7817486.6,3425.8985759090906,0.6924999999999999,136.07035714285715,3.2,0.0178079416375929,0.009290097708673,0.0117520888632296,1616.9,1.21,1337.56,5029.929999999999
Uganda,2021,431284.4444444445,7977151.8,4150.252688272727,0.5768749999999999,142.34678571428572,3.11,0.0179116128566864,0.0093441812054946,0.01182050515772,1908.1,1.493,651.02,5755.170000000001
Uganda,2022,479314.6,7995284.8,4004.11024290909,0.56125,154.19214285714287,3.11,0.0196989618092167,0.0107173868686661,0.0072269862007124,1964.8,1.423,950.4200000000002,5694.285000000001
Uganda,2023,463956.26666666666,8020314.9,4206.460589636364,0.5468749999999999,159.47785714285712,3.09,0.0251424559556187,0.010694973549231,0.0136650810766071,1958.2,1.558,1285.8299999999997,5723.185000000001
Uganda,2024,460282.77777777775,8029290.4,,,149.78142857142856,,,,,1919.8,1.606,1177.4399999999998,5690.525000000001
United Republic of Tanzania,1990,215861.73846153845,4781532.363636363,2305.6137471,1.5768749999999996,50.13237500000001,2.97,0.1533388929224134,0.0504952849804926,0.0129712658665485,1506.5,0.151,920.19,4223.5
United Republic of Tanzania,1991,233415.9393939394,4870059.636363637,2341.5323249000003,1.5443749999999998,52.905124999999984,2.94,0.1441375429945184,0.0484885480802508,0.0202085599306011,1234.1,0.291,650.27,4537.47
United Republic of Tanzania,1992,232033.60606060605,4969836.363636363,2363.8679781,1.5074999999999996,51.05625000000001,2.91,0.1428543070237077,0.0430972054857778,0.0205832253400074,1087.6,0.298,754.22,4422.825000000001
United Republic of Tanzania,1993,234839.65151515152,5045129.090909091,2360.57484,1.471875,51.838750000000005,2.89,0.1119913090924641,0.0289559278261884,0.0136263189770298,1227.4,-0.033,646.63,4156.72
United Republic of Tanzania,1994,204560.1343283582,5122290.909090909,2390.6754570000003,1.4193749999999998,50.70975308641974,2.86,0.1241688664479854,0.0337309125390196,0.0175987369768798,1151.7,0.358,921.2,4399.73
United Republic of Tanzania,1995,203505.7857142857,5697706.181818182,2436.7085588,1.4356249999999997,51.861666666666665,2.92,0.0737079781164519,0.0343970564543442,0.0245693260388173,1702.8,0.347,875.8499999999998,4172.805
United Republic of Tanzania,1996,214182.6805555556,5275996.363636363,2467.7012440000003,1.32125,52.53069767441861,2.72,0.0941952913637516,0.0326823811423178,0.0188577339191173,1588.1,0.23,925.36,4057.67
United Republic of Tanzania,1997,209915.2894736842,5360154.545454546,2501.4523454,1.2912500000000002,47.82344444444446,2.69,0.118824122161558,0.0395397592086329,0.0320938985287422,1101.2,0.614,1062.0300000000002,4227.615
United Republic of Tanzania,1998,223699.15584415584,5445876.363636363,2789.5699183333336,1.3168749999999998,49.865384615384606,2.79,0.0863838753752934,0.0264507033013667,0.0251006758555305,1198.8,0.494,533.8100000000001,4573.465
United Republic of Tanzania,1999,177988.78481012658,6181661.636363637,2832.849992,1.2987499999999998,50.73172043010752,2.81,0.0704257856098737,0.035024678698999,0.0124221309918971,1766.4,-0.222,515.9400000000002,4612.680000000001
United Republic of Tanzania,2000,197511.3037974684,6135861.090909091,2906.8920742222226,1.2275,50.811827956989255,2.71,0.0715655242420667,0.0302463701324447,0.0116195881241983,1440.7,0.572,605.7700000000001,4571.5
United Republic of Tanzania,2001,211351.2658227848,6240102.545454546,3018.0026995555554,1.2425,55.73967741935483,2.78,0.0315115217033253,0.0041826103882491,0.0015613817060206,2043.5,0.442,600.89,4380.76
United Republic of Tanzania,2002,253675.8227848101,6341996.181818182,3035.3404797777785,1.285,60.2325806451613,2.95,0.0874817306449621,0.0208179082343207,0.0171281596815231,1899.5,0.664,813.6300000000001,4492.15
United Republic of Tanzania,2003,286911.7088607595,6528532.909090909,3044.295877666667,1.340625,59.05129032258061,3.13,0.0926765941535841,0.0222716598962543,0.0176709414200327,858.1,1.015,636.72,4641.585
United Republic of Tanzania,2004,307646.7721518987,6418443.2727272725,3108.3025106666664,1.2893750000000002,61.767526881720464,3.07,0.1120408309793058,0.0316109281172575,0.0196751617371475,1370.6,0.867,958.63,4577.905000000001
United Republic of Tanzania,2005,313745.0126582279,6445620.363636363,3131.380159555556,1.3150000000000002,65.09451612903226,3.13,0.1068702246958907,0.0536263504476099,0.0174122289744602,1101.6,1.117,530.5,4694.235
United Republic of Tanzania,2006,301297.2278481013,6701785.454545454,3296.6561967,1.233125,66.74408602150538,2.96,0.1301771021264543,0.0383408771547805,0.0052539481073422,1326.7,0.957,1095.63,4515.47
United Republic of Tanzania,2007,313066.3037974684,6788967.2727272725,3380.5976064,1.219375,69.03086021505375,2.96,0.1323936798602693,0.0287223501569084,0.0008816023847093,1427.3,0.856,843.9399999999999,4301.42
United Republic of Tanzania,2008,339042.2784810127,6857694.545454546,3476.8681494,1.218125,71.97473118279571,2.97,0.1280843209128912,0.027324025904689,0.0008140577665904,1333.9,0.54,898.7499999999999,4226.049999999999
United Republic of Tanzania,2009,354389.12658227846,6921876.363636363,3563.8670541,1.2006249999999998,74.95139784946237,2.96,0.1888940573476029,0.0421880889636403,0.0130929524975781,1110.4,0.99,1222.71,4271.525000000001
United Republic of Tanzania,2010,360788.3417721519,6952123.2727272725,3680.6212123,1.20125,80.03204301075269,3.0,0.1839859893308877,0.0758034471559272,0.0227169202855672,1647.9,1.125,710.95,4397.865
United Republic of Tanzania,2011,392652.6329113924,8122970.909090909,3803.7712656,1.1925,87.26924731182794,3.05,0.1724603232579905,0.0737114629421861,0.0234431128902609,1390.4,0.82,895.64,4643.99
United Republic of Tanzania,2012,442617.7848101266,8579790.909090908,3988.8933635,1.1856250000000002,92.47365591397846,3.1,0.1277196758468493,0.0907600222553931,0.0180946185961227,1314.8,0.903,1061.03,4123.105
United Republic of Tanzania,2013,440639.7088607595,9091599.636363637,4135.2213507,1.165625,97.07462365591398,3.07,0.2455112370142402,0.0630969008033399,0.035076275898875,1418.0,0.938,848.1400000000001,4564.044999999999
United Republic of Tanzania,2014,462818.5063291139,9642654.545454543,4256.1954924,1.1418750000000002,101.16580645161292,3.09,0.1815182384696165,0.0585088963161379,0.0196923845424602,1669.1,0.938,899.6899999999999,4294.490000000001
United Republic of Tanzania,2015,472360.164556962,9592566.545454543,4404.7422387,1.14625,101.31935483870969,3.16,0.1619865639427195,0.0702387764453388,0.0225696424041159,1617.2,1.185,905.35,4552.400000000001
United Republic of Tanzania,2016,434488.5569620253,10050522.181818182,4585.8499433,1.1843749999999995,97.54159574468086,3.39,0.2475715373314221,0.125759353438566,0.0183042795317969,1711.1,1.022,886.33,4288.2
United Republic of Tanzania,2017,427788.9,10534169.0,4829.5636694,1.155625,97.28914893617022,3.39,0.247813816581028,0.1088527542439738,0.0258024460195203,1692.0,1.461,1287.58,4542.75
United Republic of Tanzania,2018,415575.7625,11127647.363636363,5005.4820712,1.124375,105.06106382978724,3.37,0.3405131212386325,0.137613896575597,0.0361859409450038,1938.5,1.062,2863.92,3651.375
United Republic of Tanzania,2019,397595.8765432099,11749926.454545457,5231.0901723,1.1268749999999998,105.27276595744678,3.43,0.1966997260634327,0.0750485650390216,0.0291250505429763,1883.5,1.395,2081.2900000000004,3731.295
United Republic of Tanzania,2020,420240.3086419753,12354401.545454543,4994.467870454545,1.1306250000000002,112.4872340425532,3.52,0.4077547928558797,0.093934349438218,0.0422068031915306,1869.5,1.078,1789.9700000000005,3807.195
United Republic of Tanzania,2021,424207.5308641975,13011669.0,5268.974026909092,1.123125,119.07978723404256,3.57,0.2095554499442819,0.0538344992449245,0.0525473933821698,1782.4,1.153,1339.9700000000005,3786.95
United Republic of Tanzania,2022,402914.7530864198,13488760.909090908,5317.148039545456,1.1062500000000002,118.32936170212773,3.62,0.4110795118104652,0.2085205353152692,0.0611742305566886,1815.4,1.0,1551.89,3792.905
United Republic of Tanzania,2023,418904.83950617287,13967179.272727272,5342.215815272727,1.079375,121.04170212765956,3.62,0.4492261302634737,0.1781072763159147,0.0400783147308389,1961.1,1.374,1248.9299999999998,4332.185
United Republic of Tanzania,2024,486310.93827160494,14390376.0,,,126.75308510638295,,,,,1872.1,1.376,1155.12,4293.28
Zambia,1990,78630.18918918919,729200.0,439.0746680909091,3.0918750000000004,48.090425531914896,2.64,0.4820031643165671,0.2022124093043118,0.072491241071357,1351.9,0.814,1192.29,4288.514999999999
Zambia,1991,71105.3947368421,755850.0,446.3578554545455,3.024375,,2.65,0.5638250114266918,0.2165799101037902,0.098445413683541,1640.6,0.099,1169.09,4328.33
Zambia,1992,70852.0,760060.0,453.7182079090909,2.96,,2.63,0.8087280528425336,0.2568734827527768,0.1270253486140105,763.1,0.714,1303.04,4230.81
Zambia,1993,71577.07692307692,730250.0,457.3172440909091,2.8875,,2.6,0.8089181968442727,0.2682423036167536,0.1159589125009924,2302.9,0.014,1395.15,4019.06
Zambia,1994,73338.23076923077,697780.0,461.1194843636364,2.796250000000001,,2.55,0.5181472146440499,0.1772608892203328,0.1090836241355894,1417.5,0.361,875.41,4441.835
Zambia,1995,62758.4358974359,661770.0,464.1027687272728,2.7118750000000005,,2.51,0.5417598369654172,0.2071434670750124,0.1274729028153922,1331.4,0.674,1018.64,4517.625
Zambia,1996,76453.1282051282,628880.0,456.3763598181818,2.17125,,2.02,0.3596975119999738,0.1818107424290777,0.1307990952727177,1911.7,0.652,1237.19,4171.22
Zambia,1997,71096.35897435897,735673.2,507.0063010909091,2.126875,,1.99,0.4585326234745268,0.1983223923616818,0.1406541789799162,1413.4,0.513,1146.19,4145.44
Zambia,1998,65842.02564102564,787795.2,473.9670501818181,2.13375,,2.03,0.2004798587450351,0.2050362191710586,0.1518786808674508,1211.2,1.057,805.57,4914.255
Zambia,1999,79684.64102564103,860246.0,475.03627209090905,2.01625,,1.96,0.133287919268937,0.1680499507513732,0.1254946984925496,1323.6,0.259,691.6200000000001,4607.235
Zambia,2000,75155.35897435897,842364.6,477.5706492727273,1.8175000000000003,,1.79,0.1064461684326367,0.1781775801851798,0.1330577105407959,1682.3,0.152,1254.6799999999998,4514.525
Zambia,2001,72045.53846153847,892480.0,482.8353858181818,2.033125,,2.06,0.1804414302065335,0.1623972871858801,0.1623972871858801,1403.7,0.386,1160.8199999999997,4069.24
Zambia,2002,56281.15,874569.1,489.75072381818177,2.0856250000000003,,2.21,0.7166697908624696,0.2393341287446998,0.2402225256591196,1629.6,0.788,865.72,4712.469999999999
Zambia,2003,74806.05,886934.5,497.6141860909091,2.31375,,2.52,0.5723601232787913,0.1946232958430475,0.2385635921158751,1721.2,0.963,799.29,4743.975
Zambia,2004,78629.55,914546.6,500.36643509090914,2.2943750000000005,,2.59,0.7653229606426494,0.1451617108326304,0.1779992381998856,1825.3,0.444,914.85,4608.605
Zambia,2005,72192.36585365854,983076.1,510.7476661818182,2.27,78.87686274509802,2.67,0.7152695356275325,0.066350505948368,0.2754446369067429,1905.4,1.174,773.23,4772.990000000001
Zambia,2006,78292.9268292683,1040036.7,518.795637,1.960625,72.50647058823527,2.33,0.6287285709390232,0.109243584910949,0.2501758561499776,2145.9,0.606,1157.9,4335.054999999999
Zambia,2007,71468.9512195122,996531.9,527.3334602727273,1.956875,77.67153846153846,2.41,0.780114987678418,0.1621263472079102,0.3919604180836447,2258.6,0.871,1291.35,4257.129999999999
Zambia,2008,72214.09756097561,985148.4,535.365097,1.989375,77.89865384615385,2.54,0.7369059753888909,0.1230923088458489,0.7737547360862476,2188.0,0.31,1208.5100000000002,4116.62
Zambia,2009,108428.43902439025,1152770.7,556.8270958181818,1.813125,95.43,2.32,0.5915883376829802,0.0574203599721604,0.1949673000018427,2072.2,0.37,1265.53,3908.465
Zambia,2010,117625.21951219512,1188100.0,567.3154160000001,1.9850000000000003,98.4978846153846,2.66,0.6598669938460959,0.0716257961935318,0.1117787499528256,2540.9,1.349,1040.38,4357.015
Zambia,2011,114444.85365853658,1107427.9,575.2434552727274,2.3050000000000006,102.87365384615389,3.27,1.017835195521788,0.2343049874484207,0.1994759857713965,2745.1,0.899,930.25,4449.76
Zambia,2012,131043.73170731709,1465275.6,590.2810617272727,2.31375,108.6751923076923,3.32,0.7580522830490526,0.1943549658436481,0.1386712646476412,2708.8,0.952,1013.62,4373.98
Zambia,2013,117745.47619047618,1476736.7,606.6972144545455,2.23625,104.32471698113206,3.31,1.195324054508201,0.2564939306130433,0.0870691624994179,2596.1,0.856,951.9299999999998,4404.07
Zambia,2014,124362.07142857143,1508510.0,619.7063609090909,2.151875,101.1767924528302,3.28,1.1095022655621256,0.3153131782829948,0.1172463584154323,2774.9,0.628,1097.8,4322.179999999999
Zambia,2015,104046.78571428572,1493237.3,630.4078154545455,2.2075,94.68415094339623,3.49,1.5905825332697017,0.3776570292897045,0.0737264486099995,3026.4,1.557,1136.0299999999995,4533.745
Zambia,2016,129288.19047619047,1444761.3,642.5499829090909,1.869375,104.13886792452833,2.96,1.4549434043988732,0.2963766439832437,0.1293234899368399,2432.2,1.286,970.58,4560.33
Zambia,2017,148932.54761904763,1616640.0,675.2046297272727,1.8168750000000005,113.33,2.95,1.4146672662776134,0.2507376701533291,0.1730246370720386,2489.9,0.381,1460.02,4319.469999999999
Zambia,2018,128843.28571428572,1724789.5,687.295921090909,1.7168750000000002,109.3932075471698,2.82,1.1486434793985516,0.2858589005691277,0.1142861261133394,2168.1,0.738,986.89,4225.85
Zambia,2019,107724.54761904762,1755573.3,693.8596126363637,1.70875,106.49679245283016,2.91,1.5561912647137142,0.4581035714767184,0.3694422569379408,2400.4,1.216,908.6199999999998,4728.12
Zambia,2020,136722.2142857143,1741993.2,710.0063828181818,1.57625,121.46471698113209,2.73,1.4023617230139631,0.4228866559985257,0.3916847037606463,2481.6,1.106,1759.32,4241.745
Zambia,2021,154135.09523809524,1849670.2,725.5543606363636,1.525625,124.1971698113208,2.71,1.158950852328979,0.2207868360377725,0.195743869709842,2525.0,1.215,1186.6999999999998,4119.495
Zambia,2022,149932.66666666666,2013769.1,742.2629609090909,1.515,120.00245283018864,2.73,1.1465946936180167,0.2773044788994153,0.2124153508908429,2457.4,0.826,1466.5300000000002,4107.275000000001
Zambia,2023,200571.8333333333,2374401.2,752.4680119090909,1.4175000000000002,133.13018867924532,2.61,1.157121596501996,0.2290800220369914,0.0777626635843679,2343.8,1.291,1217.88,4489.145
Zambia,2024,92772.71428571428,2410568.4,,,100.22169811320752,,,,,2318.3,1.663,872.74,4947.08
Zimbabwe,1990,76196.52,1503586.6153846155,397.6580918181817,2.3275,143.3502105263158,3.73,1.2465792401017624,0.5459566919854011,0.4081551230948551,1624.0,0.586,648.7,4159.7300000000005
Zimbabwe,1991,69690.19047619047,1323778.923076923,344.19880036363634,2.1943750000000004,147.79750000000004,3.56,1.2888757999690963,0.6198863814952347,0.4491306421481677,1336.0,0.317,535.0600000000001,4196.110000000001
Zimbabwe,1992,55359.15476190476,1427471.8461538462,416.3281603636364,2.18875,105.40999999999995,3.64,1.040478313798899,0.6250095426639221,0.3865665957516743,412.1,1.102,512.99,4526.889999999999
Zimbabwe,1993,68278.1686746988,1120213.5384615385,387.2603284545454,2.0381250000000004,136.30468749999994,3.42,1.2026684604156317,0.675179210204596,0.4569542594009413,1502.0,0.435,676.7600000000001,4114.12
Zimbabwe,1994,82835.6265060241,1158716.076923077,418.06870381818175,2.080625,156.58583333333334,3.36,1.1214981272972306,0.5106498469824851,0.4285595642524402,1134.5,0.12,414.05,4090.5
Zimbabwe,1995,71896.68674698795,1203202.7692307692,430.5904108181818,2.0231250000000003,130.7004166666667,3.32,1.0570723553291264,0.5285361776645632,0.4311742502000384,548.2,0.841,429.86,4362.425
Zimbabwe,1996,74086.95180722892,1366993.2307692308,441.16984354545457,2.091875,154.68677083333333,3.43,1.2687794234615388,0.4994131773199674,0.4994131773199674,1258.7,-0.132,741.04,3898.165
Zimbabwe,1997,75581.96385542168,1356733.3846153845,453.4983784545455,2.030625000000001,198.0738541666666,3.4,1.243682952983444,0.5821494673539525,0.4895347793658236,1054.2,0.229,887.7600000000001,3749.25
Zimbabwe,1998,64694.78313253012,1408164.4615384615,463.90450790909085,2.029375,197.62010416666672,3.43,1.46843370361698,0.649202268967507,0.587373481446792,1016.6,1.066,798.35,4430.145
Zimbabwe,1999,73809.0,1523089.3076923075,486.4394007272727,2.0500000000000003,179.27208333333337,3.38,1.354848324730028,0.5825847796339121,0.5690362963866118,1069.0,0.285,723.5099999999999,3717.380000000001
Zimbabwe,2000,70230.31325301205,1598566.3076923075,457.7698377272727,1.965,154.6302083333333,3.22,1.2444768640733683,0.6179667723201852,0.4912408673973822,1159.5,-0.152,1007.14,3589.33
Zimbabwe,2001,76407.18072289157,1674335.6923076925,464.2711407272727,1.97125,167.37114583333337,3.28,1.0731975610694369,0.4580721297247596,0.4606896847517582,1193.9,0.221,972.51,3978.465
Zimbabwe,2002,76351.65060240965,1534491.8461538462,455.5030506363637,1.8625,158.84479166666665,3.09,0.926528757948901,0.6298095669261373,0.1503700301095718,539.1,0.671,434.37,4342.95
Zimbabwe,2003,62869.7108433735,1462069.8461538462,429.0113116363637,1.801875,193.63218750000007,3.02,1.2326921654383147,0.7062701482852358,0.3838096227309582,795.3,0.649,493.6,4424.785
Zimbabwe,2004,89687.15662650602,1407377.5384615385,439.0818102500001,1.796875,182.8354166666668,3.04,0.575266313936765,0.2275242160366249,0.160022912308029,1205.9,0.195,759.6500000000001,3971.675
Zimbabwe,2005,90667.7951807229,1419493.8461538462,473.56924525,1.806875,117.27010416666673,3.04,0.5338499728985419,0.2290339139559763,0.1748029713131209,653.8,1.333,558.31,4600.380000000001
Zimbabwe,2006,94800.02409638556,1391340.1538461538,516.2099384999999,1.77625,127.80781250000004,3.03,0.6386390781762226,0.4778585283263309,0.2828796749327215,934.2,-0.034,798.1699999999998,3808.439999999999
Zimbabwe,2007,96585.72289156629,1405186.8461538462,531.2652629166666,1.7668750000000002,116.19875,3.11,0.5944874488796018,0.313597073078846,0.211553005850971,806.7,0.355,635.27,4352.405
Zimbabwe,2008,93280.55421686747,1381699.7692307692,491.78503316666666,1.7081249999999997,,3.04,0.520483614271025,0.3281069699569316,0.1534939422284306,309.7,0.235,664.1700000000001,4159.01
Zimbabwe,2009,80250.72289156627,1590433.0,568.9893017500001,1.7362499999999998,,3.17,0.8241047260017822,0.5104751524213957,0.1356872512502216,452.4,-0.161,899.7200000000001,3859.1150000000007
Zimbabwe,2010,78138.06024096385,1732865.3846153845,472.9190971666667,1.7243749999999998,102.25208333333327,3.13,0.902274765749028,0.6116353522549367,0.2308478089214627,733.4,1.12,620.81,4268.55
Zimbabwe,2011,83118.2530120482,1788119.6153846155,597.8943583333333,1.298125,100.74947916666672,2.12,0.7166055329792058,0.4693313271916932,0.1555614986051933,587.4,0.56,780.96,3914.675
Zimbabwe,2012,81184.77380952382,1816450.8461538465,607.3320805000001,1.265625,102.66824742268042,2.08,0.5050208071798529,0.2463516132584648,0.1478109679550788,695.7,0.617,573.55,4262.360000000001
Zimbabwe,2013,69585.15476190476,1838895.7692307688,632.9464215,1.234375,103.14226804123712,2.04,0.7444116518421223,0.5101662864941187,0.2184373959073409,668.5,0.366,758.3100000000002,4033.37
Zimbabwe,2014,59500.53571428572,1510988.0,630.4448759166667,1.164375,101.61319587628864,1.92,0.8403285684702577,0.5294069981362624,0.3630219415791513,831.4,0.287,812.74,3965.425
Zimbabwe,2015,57940.03571428572,1608409.1538461538,637.4657209166667,1.1975,98.36340206185572,2.01,0.7352429019904072,0.3969621301826142,0.2243698996684341,557.5,1.053,556.46,4256.080000000001
Zimbabwe,2016,60404.892857142855,1529749.923076923,673.7237454166666,1.06875,100.02206185567012,1.81,0.9618426132698412,0.6456430622637488,0.5496243504399092,435.1,1.336,589.8100000000001,4543.695000000001
Zimbabwe,2017,58489.44047619047,1661858.2307692308,683.1026223333333,1.050625,112.27000000000004,1.83,1.1113117080758996,0.7078200725283422,0.6838841280467074,1203.3,0.29,801.3299999999998,3933.98
Zimbabwe,2018,60965.98809523809,1714659.3076923075,715.7829772499999,1.0656249999999998,119.58855670103092,1.85,0.8217696713409353,0.7512385418645676,0.6052555064367368,1254.2,0.562,577.43,4229.825
Zimbabwe,2019,56025.19318181818,1771461.3846153845,712.3012405,1.026875,123.119381443299,1.82,0.8942405577685367,0.8174893721716364,0.6586322670989821,749.6,1.133,415.84,4682.745
Zimbabwe,2020,58855.61797752809,1780336.1538461538,754.4071582727272,0.968125,165.53587628865975,1.79,1.355554537384359,0.0162771207391919,0.0109250403291236,1150.5,0.527,796.3500000000001,4512.72
Zimbabwe,2021,56174.1,1852581.0,822.052923,0.9975,202.2841237113402,1.83,2.47672859912304,0.1141095273444503,0.0518566385576261,1545.9,0.111,684.22,3951.78
Zimbabwe,2022,65172.333333333336,1950102.8461538465,1512.6237166363635,1.03,180.4772164948453,1.88,1.6448390677025275,0.129472117514076,0.125943012628056,830.8,0.382,773.6199999999999,3934.975
Zimbabwe,2023,67549.43333333333,2043047.923076923,1515.062289818182,1.020625,194.34164948453608,1.88,1.429915770327191,0.0634942410076956,0.0667511151092794,1069.8,0.928,744.9399999999999,4464.465
Zimbabwe,2024,53613.688888888886,1830577.4615384613,,,189.09546391752576,,,,,1069.8,1.479,585.88,4678.215
